time,latitude,longitude,depth,mag,magType,nst,gap,dmin,rms,net,id,updated,place,type,horizontalError,depthError,magError,magNst,status,locationSource,magSource
2026-04-26T23:28:43.656Z,56.31,-156.512,8,2.8,ml,33,207,1,0.3,ak,aka2026iexfdz,2026-04-26T23:31:11.179Z,"117 km E of Chignik, Alaska",earthquake,6.7,3.2269,0.4,4,automatic,ak,ak
2026-04-26T20:28:30.652Z,60.119,-153.088,124.9,2.8,ml,89,59,0.1,0.6,ak,aka2026ierfex,2026-04-26T20:33:03.348Z,"67 km ENE of Pedro Bay, Alaska",earthquake,3.4,2.0562,0.7,60,automatic,ak,ak
2026-04-26T20:23:55.561Z,42.6311,142.9615,81,6.1,mww,116,35,0.633,0.75,us,us6000st1m,2026-04-27T00:24:24.865Z,"18 km W of Sarabetsu, Japan",earthquake,5.62,1.908,0.036,75,reviewed,us,us
2026-04-26T20:08:06.216Z,-28.7932,-71.3625,35,4.1,mwr,24,142,0.62,0.63,us,us6000st1i,2026-04-26T20:27:20.040Z,"63 km WSW of Vallenar, Chile",earthquake,3.42,1.944,0.066,22,reviewed,us,us
2026-04-26T18:40:18.675Z,34.8581,25.8043,10,4.3,mb,56,61,0.864,0.93,us,us6000st1f,2026-04-26T19:38:17.040Z,"17 km SSE of Ierápetra, Greece",earthquake,6.06,1.863,0.079,46,reviewed,us,us
2026-04-26T17:09:17.927Z,40.311,51.7016,10,4.5,mb,47,86,2.146,0.68,us,us6000st16,2026-04-26T17:25:59.040Z,"111 km WNW of Türkmenbaşy, Turkmenistan",earthquake,8.4,1.9,0.079,47,reviewed,us,us
2026-04-26T16:57:22.275Z,39.9892,142.7328,35,5,mww,90,128,1.504,0.8,us,us6000st11,2026-04-26T17:14:01.040Z,"77 km ENE of Miyako, Japan",earthquake,5.73,1.874,0.086,13,reviewed,us,us
2026-04-26T16:22:43.317Z,62.5818,-25.4336,10,4.2,mb,33,119,2.842,1.11,us,us6000st0w,2026-04-26T17:34:04.040Z,"205 km SW of Grindavík, Iceland",earthquake,10.53,1.933,0.108,24,reviewed,us,us
2026-04-26T15:44:34.390Z,34.0005,-116.751,12.84,3.44,ml,119,24,0.0908,0.18,ci,ci41234575,2026-04-27T01:04:58.761Z,"10 km NNE of Cabazon, CA",earthquake,0.11,0.29,0.16404866485875,277,reviewed,ci,ci
2026-04-26T15:14:14.488Z,62.5759,-25.5037,10,4.4,mb,58,110,2.867,0.87,us,us6000st0n,2026-04-26T16:27:43.040Z,"208 km SW of Grindavík, Iceland",earthquake,10.5,1.929,0.073,54,reviewed,us,us
2026-04-26T14:49:18.776Z,39.338,-119.0069,11.3032,2.46,ml,27,55,0.068,0.327,nn,nn00916498,2026-04-26T14:51:33.924Z,"20 km ESE of Silver Springs, Nevada",earthquake,,0.4243,0.35,12,automatic,nn,nn
2026-04-26T14:32:03.682Z,42.0371,-83.0534,2.131,2.9,mb_lg,36,51,0.52,0.35,us,us6000st0f,2026-04-27T01:26:19.778Z,"7 km SSE of Amherstburg, Canada",earthquake,1.93,5.814,0.055,87,reviewed,us,us
2026-04-26T14:15:19.613Z,49.8009,155.7585,58.891,4.4,mb,84,137,3.527,0.53,us,us6000st0e,2026-04-26T15:31:38.040Z,"100 km SSW of Severo-Kuril’sk, Russia",earthquake,12.57,7.435,0.054,98,reviewed,us,us
2026-04-26T13:23:02.103Z,51.4865,153.283,358.243,4.7,mb,170,46,3.16,0.75,us,us6000st08,2026-04-26T14:56:48.040Z,"218 km WNW of Severo-Kuril’sk, Russia",earthquake,7.18,5.097,0.024,530,reviewed,us,us
2026-04-26T11:52:25.631Z,2.623,99.2195,183.434,4.6,mb,77,57,0.304,0.63,us,us6000sszu,2026-04-26T12:10:13.040Z,"31 km E of Parapat, Indonesia",earthquake,7.8,4.357,0.06,83,reviewed,us,us
2026-04-26T11:29:51.200Z,19.214,-65.2778,12,3.49,md,19,250,0.9065,0.34,pr,pr2026116002,2026-04-26T12:33:39.433Z,"100 km N of Culebra, Puerto Rico",earthquake,2.25,3.2,0.11,5,reviewed,pr,pr
2026-04-26T10:58:47.452Z,60.294,-141.232,4.3,2.5,ml,37,125,0.1,1.1,ak,aka2026idyixs,2026-04-26T11:00:25.169Z,"118 km NW of Yakutat, Alaska",earthquake,3.4,2.2073,0.2,6,automatic,ak,ak
2026-04-26T10:46:32.113Z,46.7935,-112.6742,9.482,2.8,ml,43,55,0.163,0.56,us,us6000sszj,2026-04-26T11:42:06.040Z,"17 km S of Lincoln, Montana",earthquake,1.42,8.247,0.037,98,reviewed,us,us
2026-04-26T10:36:15.721Z,-22.1384,-66.0705,264.742,4.3,mb,37,126,2.11,0.87,us,us6000sszi,2026-04-26T11:04:15.040Z,"49 km W of La Quiaca, Argentina",earthquake,9.26,8.468,0.113,22,reviewed,us,us
2026-04-26T10:33:42.630Z,17.886833333333,-65.652,8.87,2.57,md,16,208,0.3758,0.59,pr,pr71514728,2026-04-26T12:39:41.500Z,"26 km SE of El Negro, Puerto Rico",earthquake,2.35,31.61,0.20659719734738,13,reviewed,pr,pr
2026-04-26T10:27:11.860Z,37.288333892822,-121.65933227539,6.6700000762939,2.7,md,90,41,0.03129,0.07,nc,nc75351867,2026-04-26T21:17:04.949Z,"16 km E of Seven Trees, CA",earthquake,0.1,0.25999999,0.12,115,automatic,nc,nc
2026-04-26T09:03:33.250Z,19.208666666667,-64.092833333333,33.6,3.17,md,12,310,0.7724,0.26,pr,pr71514718,2026-04-26T09:27:01.040Z,"122 km NE of Cruz Bay, U.S. Virgin Islands",earthquake,3.63,14.62,0.062305335836204,5,reviewed,pr,pr
2026-04-26T07:24:54.300Z,59.9947,11.4583,10,3.9,mb,21,92,1.002,1.05,us,us6000ssyl,2026-04-26T20:56:00.166Z,"7 km SE of Auli, Norway",earthquake,4.9,1.952,0.363,2,reviewed,us,us
2026-04-26T07:15:21.897Z,39.349,-118.9892,6.4276,3.28,ml,29,62,0.057,0.1834,nn,nn00916474,2026-04-26T21:13:17.497Z,"21 km ESE of Silver Springs, Nevada",earthquake,,0.9868,0.25,16,reviewed,nn,nn
2026-04-26T06:43:53.060Z,40.0306,142.6846,35,4.7,mb,50,115,1.451,0.42,us,us6000ssyh,2026-04-26T07:00:01.040Z,"74 km E of Noda, Japan",earthquake,8.89,1.902,0.067,68,reviewed,us,us
2026-04-26T05:05:50.139Z,18.2621,-68.8235,124.674,2.8,ml,16,203,0.489,0.71,us,us6000ssy5,2026-04-26T06:06:52.040Z,"24 km SE of La Romana, Dominican Republic",earthquake,11.14,8.508,0.073,25,reviewed,us,us
2026-04-26T05:01:56.813Z,39.4581,40.4706,10,4.1,mb,29,101,0.559,0.54,us,us6000ssxz,2026-04-26T06:15:33.040Z,"6 km WNW of Yedisu, Turkey",earthquake,3.52,1.509,0.12,19,reviewed,us,us
2026-04-26T04:26:59.156Z,53.7119,-164.8126,43.38,4.6,mb,61,157,0.768,1.24,us,us6000ssxr,2026-04-26T05:21:40.610Z,"78 km SE of Akutan, Alaska",earthquake,5.69,7.926,0.063,80,reviewed,us,us
2026-04-26T04:25:15.534Z,-20.3414,-70.1546,27.287,2.9,ml,10,190,0.074,1.01,us,us6000ssxx,2026-04-26T15:17:32.810Z,"7 km SSW of La Tirana, Chile",earthquake,4.91,11.51,0.085,18,reviewed,us,us
2026-04-26T04:23:24.394Z,46.8638,93.0122,11,5.5,mww,115,23,7.356,0.92,us,us6000ssxt,2026-04-26T15:50:04.383Z,"163 km SE of Khovd, Mongolia",earthquake,7.52,1.841,0.06,27,reviewed,us,us
2026-04-26T03:31:14.932Z,53.7165,-164.8783,35,3.8,ml,16,222,0.732,1.47,us,us6000ssxj,2026-04-26T05:50:19.746Z,"75 km SE of Akutan, Alaska",earthquake,4.61,2.017,0.085,18,reviewed,us,us
2026-04-26T03:28:29.064Z,52.2084,176.3712,10,4.5,mb,38,178,1.381,0.85,us,us6000ssxk,2026-04-26T05:46:51.829Z,"227 km ESE of Attu Station, Alaska",earthquake,8.57,1.949,0.057,89,reviewed,us,us
2026-04-26T02:54:06.541Z,57.614,-155.518,82.4,3.4,ml,62,126,0.4,0.6,ak,aka2026idihgp,2026-04-26T03:02:40.040Z,"63 km W of Karluk, Alaska",earthquake,5.1,2.5057,0.1,4,automatic,ak,ak
2026-04-26T02:24:03.791Z,47.1585,9.2589,5,4.2,mb,19,66,0.689,0.77,us,us6000ssx8,2026-04-26T11:32:19.429Z,"5 km NW of Walenstadt, Switzerland",earthquake,2.5,1.969,0.198,7,reviewed,us,us
2026-04-26T01:03:53.230Z,19.731,-64.229,22,3.72,md,19,288,1.2525,0.22,pr,pr2026116000,2026-04-26T01:48:45.971Z,"165 km NNE of Cruz Bay, U.S. Virgin Islands",earthquake,0.92,19.05,0.15,12,reviewed,pr,pr
2026-04-25T23:41:56.730Z,37.70316696167,-122.51866912842,6.8699998855591,2.66,md,85,97,0.07449,0.07,nc,nc75351637,2026-04-26T23:33:41.373Z,"3 km SSW of San Francisco Zoo, CA",earthquake,0.16,0.319999993,0.14,92,automatic,nc,nc
2026-04-25T23:39:38.250Z,37.704166666667,-122.51616666667,6.96,2.89,md,150,96,0.03561,0.08,nc,nc75351622,2026-04-26T21:05:07.274Z,"3 km SSW of San Francisco Zoo, CA",earthquake,0.11,0.21,0.161,168,reviewed,nc,nc
2026-04-25T23:35:19.847Z,-30.2935,-177.8716,73.664,4.9,mb,24,145,1.046,1.02,us,us6000sswn,2026-04-25T23:56:25.040Z,"Kermadec Islands, New Zealand",earthquake,11.11,7.905,0.132,18,reviewed,us,us
2026-04-25T23:00:58.746Z,-5.633,103.2816,35,4.7,mb,39,146,1.305,1.04,us,us6000sswe,2026-04-25T23:16:40.040Z,"177 km S of Pagar Alam, Indonesia",earthquake,8.21,1.94,0.102,29,reviewed,us,us
2026-04-25T22:16:06.879Z,55.994,-159.449,108.6,2.6,ml,48,177,0.1,0.6,ak,aka2026iczbrx,2026-04-25T23:35:52.040Z,"10 km NNE of Ivanof Bay, Alaska",earthquake,10.1,2.1564,0.4,7,automatic,ak,ak
2026-04-25T21:02:28.625Z,86.0901,30.7175,10,4.3,mb,45,98,6.465,0.84,us,us6000ssvy,2026-04-25T23:27:13.040Z,"north of Svalbard",earthquake,11.68,1.917,0.087,38,reviewed,us,us
2026-04-25T20:41:32.778Z,39.8948,143.1612,35,4.8,mww,72,98,1.835,0.69,us,us6000ssvu,2026-04-25T22:01:36.040Z,"108 km ENE of Miyako, Japan",earthquake,6.59,1.899,0.083,14,reviewed,us,us
2026-04-25T20:14:39.279Z,-14.5752,-76.4954,10,5,mb,51,147,2.594,0.66,us,us6000ssvq,2026-04-25T22:08:15.380Z,"82 km SSW of Paracas, Peru",earthquake,9.82,1.866,0.043,176,reviewed,us,us
2026-04-25T19:49:58.244Z,35.0771,25.9054,10,4.9,mww,82,41,0.858,0.92,us,us6000ssve,2026-04-25T23:23:50.425Z,"14 km ENE of Kentrí, Greece",earthquake,5.71,1.835,0.05,39,reviewed,us,us
2026-04-25T19:20:40.218Z,44.4219,-129.4997,10,4.2,mb,54,201,3.984,0.46,us,us6000ssvc,2026-04-26T19:30:45.854Z,"off the coast of Oregon",earthquake,11.45,2.002,0.115,21,reviewed,us,us
2026-04-25T17:40:24.367Z,0.2021,125.9627,27.288,4.6,mb,92,44,6.126,0.65,us,us6000ssuz,2026-04-25T19:15:36.040Z,"165 km SE of Bitung, Indonesia",earthquake,7.52,5.065,0.061,86,reviewed,us,us
2026-04-25T16:47:05.498Z,51.595,178.327,10.8,3.8,ml,20,186,0.4,0.8,ak,aka2026icoeer,2026-04-26T05:17:52.762Z,"Rat Islands, Aleutian Islands, Alaska",earthquake,6.4,2.3394,0.1,14,reviewed,ak,ak
2026-04-25T16:39:20.510Z,54.527,-163.52066666667,10.46,2.47,ml,8,265,0.175,0.11,av,av94165788,2026-04-26T21:43:41.820Z,"37 km S of False Pass, Alaska",earthquake,0.64,1.36,0.22201602564703,8,reviewed,av,av
2026-04-25T16:01:00.400Z,19.224,-65.289833333333,30.28,3.29,md,17,251,0.9117,0.32,pr,pr71514668,2026-04-25T18:04:46.040Z,"101 km N of Culebra, Puerto Rico",earthquake,1.58,14.71,0.052734176254741,16,reviewed,pr,pr
2026-04-25T15:57:29.160Z,19.276833333333,-65.275166666667,32.32,3.41,md,20,256,0.9642,0.46,pr,pr71514658,2026-04-25T17:57:48.040Z,"107 km N of Culebra, Puerto Rico",earthquake,2.32,18.41,0.1553658749395,17,reviewed,pr,pr
2026-04-25T15:41:10.659Z,52.127,176.369,7.8,4.1,ml,58,183,1.4,1.3,ak,aka2026iclzqw,2026-04-26T05:14:25.038Z,"230 km ESE of Attu Station, Alaska",earthquake,9.4,6.0937,0.1,16,reviewed,ak,ak
2026-04-25T15:26:19.410Z,19.233166666667,-65.2705,16.39,3.16,md,18,252,0.9209,0.25,pr,pr71514648,2026-04-25T17:47:52.040Z,"103 km N of Culebra, Puerto Rico",earthquake,1.72,3.48,0.11020304670838,17,reviewed,pr,pr
2026-04-25T15:15:12.107Z,21.3783,94.8216,108,4.3,mb,82,63,0.193,0.7,us,us6000ssum,2026-04-25T17:36:28.040Z,"27 km W of Pakokku, Burma (Myanmar)",earthquake,9.38,4.484,0.062,74,reviewed,us,us
2026-04-25T15:02:03.549Z,59.815,-153.171,128.3,2.5,ml,100,60,0.2,0.8,ak,aka2026ickrte,2026-04-25T15:06:56.267Z,"52 km E of Pedro Bay, Alaska",earthquake,3.3,1.6583,0.4,67,automatic,ak,ak
2026-04-25T13:44:10.058Z,54.5036,-160.2765,35,3.2,ml,27,207,1.402,0.57,us,us6000ssuh,2026-04-25T14:47:12.040Z,"93 km S of Sand Point, Alaska",earthquake,5.34,2.014,0.071,26,reviewed,us,us
2026-04-25T13:22:05.912Z,52.9203,160.9454,10,4.5,mb,50,137,1.97,1.62,us,us6000ssu2,2026-04-25T14:21:40.040Z,"156 km E of Petropavlovsk-Kamchatsky, Russia",earthquake,11.42,1.916,0.081,45,reviewed,us,us
2026-04-25T12:58:24.810Z,19.443833333333,-65.618833333333,22.02,3.34,md,26,260,1.174,0.32,pr,pr71514633,2026-04-25T13:48:43.870Z,"114 km NNE of Suárez, Puerto Rico",earthquake,0.97,22.25,0.10349114946684,18,reviewed,pr,pr
2026-04-25T12:36:37.484Z,60.072,-151.499,50.5,3.7,ml,203,54,0.4,1,ak,aka2026icfwif,2026-04-26T12:50:11.692Z,"9 km ENE of Ninilchik, Alaska",earthquake,1.7,2.2737,0.2,133,reviewed,ak,ak
2026-04-25T12:11:01.572Z,39.3357,-118.976,9.0931,3.77,ml,23,223,0.072,0.1283,nn,nn00916412,2026-04-26T12:29:13.359Z,"22 km SW of Fallon, Nevada",earthquake,,1.0967,0.12,6,reviewed,nn,nn
2026-04-25T11:43:02.392Z,39.4229,15.4164,272.175,4,mb,43,112,0.647,0.94,us,us6000sstf,2026-04-25T12:36:37.040Z,"42 km WSW of Cittadella del Capo, Italy",earthquake,8.75,5.863,0.096,29,reviewed,us,us
2026-04-25T11:19:40.191Z,53.5613,-164.8725,35,3.3,ml,20,203,0.827,0.83,us,us6000sstb,2026-04-25T12:29:26.040Z,"87 km SE of Akutan, Alaska",earthquake,5.37,2.013,0.077,22,reviewed,us,us
2026-04-25T10:20:21.431Z,52.6755,158.6924,87.83,5.2,mww,83,104,0.742,0.67,us,us6000sst4,2026-04-25T10:39:03.780Z,"34 km SE of Vilyuchinsk, Russia",earthquake,9.45,5.927,0.086,13,reviewed,us,us
2026-04-25T10:03:37.653Z,53.515,-164.666,21.7,3.5,ml,26,255,0.9,0.3,ak,aka2026icaukt,2026-04-25T12:58:39.664Z,"100 km SE of Akutan, Alaska",earthquake,11,6.7019,0.2,33,reviewed,ak,ak
2026-04-25T09:53:40.539Z,-8.9734,-74.9018,136.967,4.6,mb,42,107,3.551,0.44,us,us6000sst2,2026-04-25T10:08:14.040Z,"22 km WSW of Tournavista, Peru",earthquake,12.99,10.391,0.035,247,reviewed,us,us
2026-04-25T09:40:38.381Z,51.2238,89.8293,10,4.7,mb,52,61,4.096,0.85,us,us6000sssz,2026-04-25T10:37:02.459Z,"35 km NW of Teeli, Russia",earthquake,8.52,1.887,0.064,74,reviewed,us,us
2026-04-25T09:07:07.123Z,-5.0454,130.5676,130.592,4.6,mb,36,97,0.841,0.96,us,us6000ssss,2026-04-25T09:27:17.040Z,"250 km WNW of Tual, Indonesia",earthquake,10.07,6.596,0.089,38,reviewed,us,us
2026-04-25T08:43:46.975Z,53.5574,-164.7812,35,3.6,mb,19,190,0.872,1.29,us,us6000sssn,2026-04-26T08:57:32.563Z,"91 km SE of Akutan, Alaska",earthquake,4.49,1.956,0.205,6,reviewed,us,us
2026-04-25T08:42:13.285Z,53.508,-164.783,16.4,3.2,ml,23,257,0.8,0.4,ak,aka2026ibycgx,2026-04-25T12:53:41.071Z,"95 km SE of Akutan, Alaska",earthquake,6.2,5.6772,0.2,28,reviewed,ak,ak
2026-04-25T08:32:41.745Z,53.438,-164.78,14.8,2.5,ml,10,279,1,0.2,ak,aka2026ibxucc,2026-04-25T13:52:06.137Z,"101 km SE of Akutan, Alaska",earthquake,15.6,10.9442,0.1,8,reviewed,ak,ak
2026-04-25T08:30:33.889Z,53.535,-164.874,29.2,3.3,ml,51,208,0.8,0.9,ak,aka2026ibxshr,2026-04-25T13:50:20.684Z,"89 km SE of Akutan, Alaska",earthquake,5.2,3.363,0.1,37,reviewed,ak,ak
2026-04-25T08:26:41.370Z,53.5817,-164.8423,35,3.5,ml,31,206,0.733,1.14,us,us6000sssl,2026-04-26T08:58:28.087Z,"86 km SE of Akutan, Alaska",earthquake,3.83,2.008,0.085,18,reviewed,us,us
2026-04-25T08:24:19.361Z,53.456,-164.787,20.7,2.6,ml,20,242,0.8,0.5,ak,aka2026ibxmvv,2026-04-25T13:41:39.997Z,"99 km SE of Akutan, Alaska",earthquake,8.4,4.5234,0.1,13,reviewed,ak,ak
2026-04-25T08:20:44.164Z,53.529,-164.748,23.5,2.5,ml,20,241,0.8,0.5,ak,aka2026ibxjvv,2026-04-25T13:41:06.899Z,"95 km SE of Akutan, Alaska",earthquake,11.9,5.4304,0.1,12,reviewed,ak,ak
2026-04-25T08:18:46.274Z,53.554,-164.78,15.9,2.7,ml,27,221,0.8,0.7,ak,aka2026ibxicl,2026-04-25T13:30:26.985Z,"91 km SE of Akutan, Alaska",earthquake,5.1,4.7866,0.1,18,reviewed,ak,ak
2026-04-25T08:14:29.909Z,53.539,-164.811,16.5,3,ml,35,213,0.8,0.9,ak,aka2026ibxejr,2026-04-25T13:29:55.282Z,"91 km SE of Akutan, Alaska",earthquake,4.5,4.7239,0.1,24,reviewed,ak,ak
2026-04-25T08:11:10.255Z,53.6666,-164.8339,35,3.4,ml,25,204,0.677,1.05,us,us6000sssk,2026-04-25T08:56:22.040Z,"80 km SE of Akutan, Alaska",earthquake,3.87,2.015,0.083,19,reviewed,us,us
2026-04-25T08:05:56.204Z,53.5884,-164.9144,35,5.4,mww,43,89,0.791,0.82,us,us6000sssg,2026-04-26T08:24:09.459Z,"83 km SE of Akutan, Alaska",earthquake,2.8,1.948,0.05,39,reviewed,us,us
2026-04-25T08:00:13.740Z,38.791168212891,-122.7440032959,1.9199999570847,3.34,ml,95,28,,0.12,nc,nc75351157,2026-04-26T14:03:58.617Z,"2 km NE of The Geysers, CA",earthquake,0.14,0.310000002,0.218,27,automatic,nc,nc
2026-04-25T07:38:29.160Z,40.356166666667,-124.919,14.16,4.09,mw,183,233,0.4459,0.24,nc,nc75351142,2026-04-26T07:56:23.216Z,"54 km W of Petrolia, CA",earthquake,0.42,0.83,,8,reviewed,nc,nc
2026-04-25T07:16:34.020Z,24.7997,121.8351,70.245,4.1,mwr,36,45,0.352,0.69,us,us6000sss5,2026-04-25T07:32:32.038Z,"9 km ENE of Yilan, Taiwan",earthquake,3.43,2.799,0.06,27,reviewed,us,us
2026-04-25T07:02:10.350Z,18.7865,-67.455166666667,24.65,3.03,md,11,317,0.4551,0.21,pr,pr71514623,2026-04-25T07:20:43.470Z,"49 km NW of San Antonio, Puerto Rico",earthquake,1.12,6.37,0.07584397428984,6,reviewed,pr,pr
2026-04-25T06:57:36.252Z,54.54,-160.122,1.1,2.5,ml,19,254,1.2,0.6,ak,aka2026ibuqfi,2026-04-25T13:21:28.969Z,"91 km SSE of Sand Point, Alaska",earthquake,7.6,4.4707,0.1,15,reviewed,ak,ak
2026-04-25T05:24:31.982Z,51.743,178.527,99.9,3.1,ml,19,241,0.2,0.3,ak,aka2026ibroai,2026-04-25T13:08:21.198Z,"Rat Islands, Aleutian Islands, Alaska",earthquake,15.3,3.7573,0.2,15,reviewed,ak,ak
2026-04-25T05:18:45.076Z,52.2239,176.5528,10,4.5,mb,90,99,1.274,0.73,us,us6000ssrm,2026-04-25T08:31:42.537Z,"238 km ESE of Attu Station, Alaska",earthquake,10.05,1.896,0.064,71,reviewed,us,us
2026-04-25T04:44:06.433Z,39.3157,-119.0504,13.1668,2.64,ml,24,59,0.065,0.2927,nn,nn00916381,2026-04-25T04:54:00.040Z,"18 km SE of Silver Springs, Nevada",earthquake,,0.4592,0.34,12,automatic,nn,nn
2026-04-25T04:16:05.428Z,52.0312,176.3284,10,4.2,mb,42,189,1.388,0.84,us,us6000ssrc,2026-04-25T04:34:37.040Z,"232 km ESE of Attu Station, Alaska",earthquake,6.73,1.944,0.077,47,reviewed,us,us
2026-04-25T02:56:29.305Z,-27.9466,-66.6105,163.796,4.5,mb,43,46,3.373,0.91,us,us6000ssr1,2026-04-25T03:14:28.040Z,"49 km SW of Andalgalá, Argentina",earthquake,8.93,7.995,0.136,16,reviewed,us,us
2026-04-25T02:09:28.475Z,14.0345,-92.2662,35,4.5,mb,33,195,2.238,1.38,us,us6000ssqy,2026-04-25T03:38:29.040Z,"47 km SW of Champerico, Guatemala",earthquake,9.89,1.99,0.038,200,reviewed,us,us
2026-04-25T01:47:35.539Z,34.8001,25.8706,10,4.4,mb,64,100,0.94,0.85,us,us6000ssqp,2026-04-25T02:08:45.040Z,"26 km SSE of Ierápetra, Greece",earthquake,7.2,1.896,0.086,39,reviewed,us,us
2026-04-25T00:45:46.760Z,19.215833333333,-155.49516666667,30.89,3.12,ml,46,74,0.03257,0.11,hv,hv74943947,2026-04-26T02:35:13.673Z,"2 km NW of Pāhala, Hawaii",earthquake,0.45,0.5,0.18274802286949,36,reviewed,hv,hv
2026-04-24T23:59:31.491Z,-4.6304,153.6037,115.312,4.6,mb,44,103,1.501,0.9,us,us6000ssqb,2026-04-25T02:50:54.040Z,"151 km ESE of Kokopo, Papua New Guinea",earthquake,9.68,7.018,0.071,60,reviewed,us,us
2026-04-24T23:59:04.164Z,61.821,-149.759,57.3,3.1,ml,153,16,0.3,1,ak,aka2026ibgtnm,2026-04-27T00:06:19.738Z,"16 km ENE of Willow, Alaska",earthquake,1.8,2.1521,0.1,102,reviewed,ak,ak
2026-04-24T23:03:13.380Z,32.030166666667,-116.33416666667,23.67,2.51,ml,23,57,0.264,0.15,ci,ci41233935,2026-04-26T21:42:11.040Z,"32 km ENE of Ensenada, B.C., MX",earthquake,0.26,1.13,0.13721816826649,61,reviewed,ci,ci
2026-04-24T21:47:45.247Z,14.0519,51.6612,10,4.5,mb,36,176,7.069,0.94,us,us6000sspm,2026-04-25T02:10:05.040Z,"215 km NNW of Kilmia, Yemen",earthquake,14.1,1.974,0.101,32,reviewed,us,us
2026-04-24T21:20:34.690Z,31.622,-104.445,3.9946,2.7,ml,39,75,0,0.5,tx,tx2026ibbmrq,2026-04-24T22:42:06.040Z,"61 km S of Whites City, New Mexico",earthquake,0,1.0499135255814,0.1,28,automatic,tx,tx
2026-04-24T20:39:12.851Z,31.702,-104.18,4.4274,2.7,ml,45,59,0.1,0.3,tx,tx2026ibadgi,2026-04-25T14:48:03.040Z,"55 km W of Mentone, Texas",earthquake,0,0.7933321595192,0.1,34,automatic,tx,tx
2026-04-24T19:29:56.870Z,40.369833333333,-125.05783333333,10,3.95,mw,156,230,0.5528,0.32,nc,nc75350872,2026-04-25T22:12:33.599Z,"66 km W of Petrolia, CA",earthquake,0.84,31.61,,7,reviewed,nc,nc
2026-04-24T18:51:24.722Z,79.2093,3.2618,10,4.3,mb,91,69,1.681,0.97,us,us6000ssni,2026-04-24T21:50:45.040Z,"291 km WNW of Longyearbyen, Svalbard and Jan Mayen",earthquake,5.95,1.879,0.058,86,reviewed,us,us
2026-04-24T18:22:32.743Z,-31.0308,-178.3309,89.759,4.9,mww,107,69,1.813,0.62,us,us6000ssn7,2026-04-24T21:39:11.040Z,"Kermadec Islands region",earthquake,8.07,13.918,0.098,10,reviewed,us,us
2026-04-24T17:15:32.493Z,-7.523,127.988,187.062,4.3,mb,36,53,3.538,0.91,us,us6000ssmy,2026-04-24T21:02:32.040Z,"155 km NE of Lospalos, Timor Leste",earthquake,8.92,9.413,0.114,22,reviewed,us,us
2026-04-24T17:12:13.085Z,52.448,-169.8121,22.621,2.7,ml,22,212,0.343,0.47,us,us6000ssnz,2026-04-24T20:43:17.040Z,"84 km SW of Nikolski, Alaska",earthquake,9.05,13.496,0.085,18,reviewed,us,us
2026-04-24T17:08:04.339Z,-37.0535,78.345,10,4.5,mb,23,68,31.827,0.59,us,us6000st06,2026-04-26T13:00:19.040Z,"Mid-Indian Ridge",earthquake,13.36,1.889,0.131,17,reviewed,us,us
2026-04-24T16:48:50.971Z,52.26,-174.411,145.4,3.5,ml,47,139,0.1,0.4,ak,aka2026iasnnl,2026-04-24T18:23:12.748Z,"16 km WNW of Atka, Alaska",earthquake,42.7,3.4866,0.3,37,reviewed,ak,ak
2026-04-24T16:21:48.758Z,62.181,-150.753,12.2,3.1,ml,111,33,0.3,1.1,ak,aka2026iarpmk,2026-04-24T19:37:25.637Z,"31 km WSW of Trapper Creek, Alaska",earthquake,2.5,0,0.1,75,reviewed,ak,ak
2026-04-24T16:10:57.219Z,-8.4704,123.9891,172.359,4.5,mb,27,73,1.306,0.85,us,us6000ssmp,2026-04-24T16:49:18.040Z,"91 km NNW of Pante Makasar, Timor Leste",earthquake,9.23,6.028,0.128,18,reviewed,us,us
2026-04-24T15:29:46.475Z,52.167,-168.423,19.9,2.6,ml,14,273,0.8,0.3,ak,aka2026iapwqq,2026-04-24T19:31:35.538Z,"90 km SSE of Nikolski, Alaska",earthquake,12,14.6028,0.2,8,reviewed,ak,ak
2026-04-24T14:53:52.320Z,40.263332366943,-125.67050170898,5.3600001335144,2.52,md,20,286,1.147,0.43,nc,nc75350702,2026-04-24T15:22:21.841Z,"118 km W of Petrolia, CA",earthquake,10.02,36.3300018,0.03,3,automatic,nc,nc
2026-04-24T14:21:46.911Z,53.521,-164.787,13.6,3.1,ml,44,210,0.8,1.2,ak,aka2026ianqax,2026-04-24T19:27:47.004Z,"94 km SE of Akutan, Alaska",earthquake,4.9,2.7839,0.1,32,reviewed,ak,ak
2026-04-24T13:49:41.138Z,-27.92,-70.9962,63.841,5,mb,27,135,0.292,0.85,us,us6000ssjg,2026-04-26T11:44:36.559Z,"76 km NNW of Vallenar, Chile",earthquake,6.18,5.974,0.055,106,reviewed,us,us
2026-04-24T13:45:28.170Z,38.793998718262,-122.75116729736,4.1300001144409,2.62,md,83,46,0.0094,0.11,nc,nc75350682,2026-04-24T14:13:07.657Z,"2 km NNE of The Geysers, CA",earthquake,0.16,0.230000004,0.13,107,automatic,nc,nc
2026-04-24T13:35:08.020Z,19.6345,-64.1375,17.04,3.37,md,7,309,1.165,0.2,pr,pr71514603,2026-04-24T14:07:46.800Z,"159 km NNE of Cruz Bay, U.S. Virgin Islands",earthquake,6.18,12.24,0.14630304557313,4,reviewed,pr,pr
2026-04-24T12:49:37.014Z,52.9177,161.0719,10,5.1,mww,73,120,2.047,1.09,us,us6000ssja,2026-04-24T13:09:26.040Z,"164 km E of Petropavlovsk-Kamchatsky, Russia",earthquake,10.13,1.895,0.093,11,reviewed,us,us
2026-04-24T12:29:23.897Z,34.7467,26.1302,10,4.1,mb,54,163,1.152,0.89,us,us6000ssj7,2026-04-24T15:02:57.134Z,"46 km SE of Ierápetra, Greece",earthquake,7.29,1.928,0.097,29,reviewed,us,us
2026-04-24T12:12:39.415Z,52.249,-168.231,2.7,3.3,ml,45,218,0.8,0.9,ak,aka2026iajiud,2026-04-24T19:23:05.822Z,"87 km SSE of Nikolski, Alaska",earthquake,7.3,3.087,0.1,24,reviewed,ak,ak
2026-04-24T10:33:11.882Z,51.131,-178.428,26.8,2.7,ml,15,220,0.5,0.7,ak,aka2026iagbep,2026-04-24T18:38:31.410Z,"149 km SW of Adak, Alaska",earthquake,11.6,5.403,0.1,11,reviewed,ak,ak
2026-04-24T10:04:37.607Z,52.9131,160.9481,35,5.4,mww,93,147,1.973,0.8,us,us6000ssiy,2026-04-25T10:27:40.587Z,"156 km E of Petropavlovsk-Kamchatsky, Russia",earthquake,10.28,1.928,0.089,12,reviewed,us,us
2026-04-24T10:02:21.738Z,51.548,-175.355,19.1,3.9,ml,38,201,0.6,1,ak,aka2026iafanc,2026-04-24T18:18:47.072Z,"95 km ESE of Adak, Alaska",earthquake,6.7,3.346,0.1,28,reviewed,ak,ak
2026-04-24T09:34:57.276Z,52.173,-169.669,29.3,4.1,ml,62,213,0.6,0.7,ak,aka2026iaeddr,2026-04-24T18:16:34.538Z,"101 km SSW of Nikolski, Alaska",earthquake,7.5,4.2236,0.1,41,reviewed,ak,ak
2026-04-24T09:26:45.744Z,35.0827,25.918,10,4.7,mb,48,122,0.867,0.66,us,us6000ssiq,2026-04-24T10:32:27.208Z,"16 km ENE of Kentrí, Greece",earthquake,7.19,1.539,0.077,51,reviewed,us,us
2026-04-24T08:59:28.540Z,52.9231,161.1117,10,5.3,mww,70,114,2.07,1.2,us,us6000ssik,2026-04-24T09:19:33.040Z,"167 km E of Petropavlovsk-Kamchatsky, Russia",earthquake,9.92,1.868,0.073,18,reviewed,us,us
2026-04-24T08:58:17.508Z,34.9902,26.1319,10,5,mww,61,41,1.009,0.71,us,us6000ssij,2026-04-25T18:17:17.040Z,"24 km S of Sitia, Greece",earthquake,7.26,1.854,0.062,25,reviewed,us,us
2026-04-24T08:58:15.423Z,32.3385,-104.1528,8.029,2.5,ml,39,70,0.243,0.27,us,us6000ssii,2026-04-24T09:38:49.687Z,"7 km SE of Livingston Wheeler, New Mexico",earthquake,1.67,8.562,0.081,20,reviewed,us,us
2026-04-24T08:47:02.290Z,49.963,155.8577,76.987,4.5,mb,35,140,3.353,0.37,us,us6000ssil,2026-04-24T09:33:25.040Z,"81 km SSW of Severo-Kuril’sk, Russia",earthquake,13.95,8.461,0.07,59,reviewed,us,us
2026-04-24T08:41:38.770Z,1.5616,126.6602,35,4.6,mb,23,105,7.143,1.63,us,us6000ssih,2026-04-24T09:28:50.040Z,"117 km NW of Ternate, Indonesia",earthquake,11.21,1.929,0.126,19,reviewed,us,us
2026-04-24T08:28:08.645Z,54.575,-160.182,1.7,2.8,ml,24,242,1.1,0.7,ak,aka2026iabxih,2026-04-24T18:28:37.568Z,"87 km SSE of Sand Point, Alaska",earthquake,8.7,4.6703,0.2,18,reviewed,ak,ak
2026-04-24T07:26:31.285Z,-4.5392,153.271,119.77,4.8,mb,32,157,1.157,0.6,us,us6000ssib,2026-04-24T07:43:24.040Z,"113 km E of Kokopo, Papua New Guinea",earthquake,9.27,6.554,0.105,28,reviewed,us,us
2026-04-24T07:03:04.863Z,15.7265,96.402,10,4.4,mb,27,108,3.644,0.92,us,us6000ssid,2026-04-24T07:57:08.040Z,"99 km SE of Pyapon, Burma (Myanmar)",earthquake,7.93,1.905,0.13,17,reviewed,us,us
2026-04-24T06:37:54.538Z,35.0161,26.0352,10,4.2,mb,35,115,0.977,0.73,us,us6000ssi3,2026-04-24T07:49:03.040Z,"22 km SSW of Sitia, Greece",earthquake,5.49,1.917,0.098,29,reviewed,us,us
2026-04-24T06:32:26.689Z,35.0153,25.8923,10,4.2,mb,30,206,0.865,0.64,us,us6000ssi0,2026-04-24T07:29:12.040Z,"12 km E of Kentrí, Greece",earthquake,7.75,1.917,0.115,21,reviewed,us,us
2026-04-24T06:14:31.204Z,34.8712,25.9733,10,4.3,mb,34,123,0.981,0.72,us,us6000ssht,2026-04-24T10:32:02.949Z,"26 km SE of Ierápetra, Greece",earthquake,5.3,1.756,0.104,26,reviewed,us,us
2026-04-24T05:49:50.361Z,52.188,-168.295,23.4,2.9,ml,18,268,0.9,0.4,ak,aka2026hzwqxq,2026-04-24T06:46:19.785Z,"91 km SSE of Nikolski, Alaska",earthquake,11.8,9.2862,0.1,14,reviewed,ak,ak
2026-04-24T05:13:10.736Z,40.095,142.8333,35,5,mww,48,128,1.518,0.72,us,us6000sshp,2026-04-24T05:26:41.040Z,"86 km E of Noda, Japan",earthquake,8.72,1.924,0.093,11,reviewed,us,us
2026-04-24T04:45:20.134Z,1.1341,126.3665,29.011,5.3,mb,55,42,5.948,1.06,us,us6000sshk,2026-04-24T05:01:26.040Z,"119 km WNW of Ternate, Indonesia",earthquake,8.33,5.092,0.074,63,reviewed,us,us
2026-04-24T04:10:18.014Z,54.4419,-161.3312,10,2.8,ml,20,228,0.774,0.31,us,us6000ssi2,2026-04-24T23:04:05.040Z,"93 km SE of King Cove, Alaska",earthquake,3.8,1.964,0.105,12,reviewed,us,us
2026-04-24T03:39:24.689Z,66.639,-147.047,5,2.6,ml,41,46,0.7,0.8,ak,aka2026hzsiqu,2026-04-24T23:00:33.040Z,"34 km NNE of Beaver, Alaska",earthquake,3,0,0.1,26,reviewed,ak,ak
2026-04-24T03:18:53.476Z,34.9345,25.8274,12.827,5.8,mww,46,47,0.846,1.28,us,us6000sshc,2026-04-25T17:47:10.040Z,"11 km SE of Ierápetra, Greece",earthquake,5.51,5.555,0.044,49,reviewed,us,us
2026-04-24T03:15:33.895Z,-18.5264,-175.4126,264.403,4.5,mb,37,51,5.379,1.1,us,us6000sshb,2026-04-24T03:41:28.040Z,"151 km W of Neiafu, Tonga",earthquake,12.22,7.439,0.042,168,reviewed,us,us
2026-04-24T02:48:20.293Z,-19.7895,-68.8856,109.218,4.2,mb,22,67,0.431,0.83,us,us6000ssh9,2026-04-24T22:45:10.040Z,"62 km SSW of Colchane, Chile",earthquake,8.21,4.496,0.166,10,reviewed,us,us
2026-04-24T02:45:50.888Z,-33.5965,-70.924,68.239,3.1,ml,20,68,0.187,0.45,us,us6000ssh6,2026-04-26T13:26:47.343Z,"4 km WNW of Peñaflor, Chile",earthquake,3.05,4.438,0.057,40,reviewed,us,us
2026-04-24T02:45:24.761Z,52.1661,-168.5029,22.082,4.1,mb,68,179,0.835,0.86,us,us6000sshu,2026-04-24T22:14:43.040Z,"89 km SSE of Nikolski, Alaska",earthquake,4.66,6.13,0.076,47,reviewed,us,us
2026-04-24T02:34:44.775Z,58.968,-154.555,132.2,2.9,ml,139,56,0.4,1.2,ak,aka2026hzqeqf,2026-04-24T21:26:05.040Z,"54 km SSE of Kokhanok, Alaska",earthquake,3.5,1.4072,0.4,91,reviewed,ak,ak
2026-04-24T02:18:15.010Z,36.381666666667,-116.883,6.04,3.27,ml,46,71,0.08683,0.19,ci,ci41233487,2026-04-25T00:34:34.883Z,"8 km SSW of Furnace Creek, CA",earthquake,0.18,0.64,0.1459972246343,127,reviewed,ci,ci
2026-04-24T02:16:41.084Z,52.8146,-167.4664,27.435,2.6,ml,14,238,0.655,0.48,us,us6000sshy,2026-04-24T20:56:39.040Z,"94 km E of Nikolski, Alaska",earthquake,3.49,9.238,0.105,12,reviewed,us,us
2026-04-24T01:51:59.835Z,-34.7235,-179.1959,10,5.4,mww,31,115,3.48,1.35,us,us6000ssgv,2026-04-25T02:19:49.113Z,"south of the Kermadec Islands",earthquake,10.47,1.884,0.062,25,reviewed,us,us
2026-04-24T01:46:38.243Z,52.195,-168.047,2.1,2.7,ml,13,303,0.9,0.5,ak,aka2026hzopje,2026-04-24T06:26:00.134Z,"99 km SSE of Nikolski, Alaska",earthquake,13.1,5.1423,0.1,10,reviewed,ak,ak
2026-04-24T01:25:27.146Z,52.177,-168.321,24.5,2.7,ml,12,308,0.9,0.4,ak,aka2026hznxdi,2026-04-24T06:24:52.625Z,"92 km SSE of Nikolski, Alaska",earthquake,22.4,14.6212,0.1,9,reviewed,ak,ak
2026-04-24T01:01:06.682Z,52.4282,-168.3713,38.819,4.7,mb,66,107,0.619,0.62,us,us6000ssgq,2026-04-24T06:19:27.562Z,"65 km SSE of Nikolski, Alaska",earthquake,6.28,6.392,0.041,184,reviewed,us,us
2026-04-24T00:28:45.233Z,62.824,-149.017,61.3,2.9,ml,132,18,0.1,0.8,ak,aka2026hzmafq,2026-04-24T22:01:00.040Z,"63 km S of Cantwell, Alaska",earthquake,1.8,2.416,0.2,91,reviewed,ak,ak
2026-04-24T00:21:22.140Z,-18.8416,168.9718,171.728,4.5,mb,25,58,3.775,0.87,us,us6000ssgp,2026-04-24T00:46:19.040Z,"84 km NNW of Isangel, Vanuatu",earthquake,9.5,8.961,0.124,19,reviewed,us,us
2026-04-23T23:22:33.956Z,13.8985,144.9045,163.327,4.9,mb,59,38,9.354,1.48,us,us6000ssgf,2026-04-24T08:42:54.798Z,"40 km N of Yigo Village, Guam",earthquake,10.31,7.103,0.037,234,reviewed,us,us
2026-04-23T22:52:54.569Z,28.3412,131.0964,10,5,mww,57,78,2.514,0.91,us,us6000ssga,2026-04-23T23:09:26.040Z,"147 km E of Tatsugō, Japan",earthquake,5.74,1.471,0.071,19,reviewed,us,us
2026-04-23T22:34:59.439Z,55.0731,-159.8309,6.33,2.7,ml,17,227,0.996,0.51,us,us6000ssgi,2026-04-24T21:39:17.040Z,"51 km SE of Sand Point, Alaska",earthquake,3.6,5.044,0.105,14,reviewed,us,us
2026-04-23T22:23:48.871Z,53.2945,-164.2215,35,3,ml,25,221,1.199,0.58,us,us6000ssgh,2026-04-24T21:47:52.040Z,"138 km SE of Akutan, Alaska",earthquake,3.86,1.971,0.097,14,reviewed,us,us
2026-04-23T22:13:24.099Z,-7.1972,129.1163,141.055,4.6,mb,36,105,2.77,1.01,us,us6000ssfy,2026-04-23T22:38:35.040Z,"275 km ENE of Lospalos, Timor Leste",earthquake,8.85,8.024,0.095,36,reviewed,us,us
2026-04-23T22:10:37.259Z,29.8133,138.8082,415.778,4,mb,43,129,5.735,0.57,us,us6000ssg0,2026-04-24T23:35:04.040Z,"Izu Islands, Japan region",earthquake,15.73,8.7,0.071,54,reviewed,us,us
2026-04-23T20:32:18.498Z,-28.438,-63.3248,570.341,4.5,mb,48,66,5.575,0.49,us,us6000ssf4,2026-04-23T20:48:35.040Z,"40 km WNW of Colonia Dora, Argentina",earthquake,11.34,7.47,0.1,29,reviewed,us,us
2026-04-23T20:21:03.989Z,54.6889,-161.4337,35,3,ml,21,201,0.876,0.58,us,us6000ssf2,2026-04-23T23:42:03.047Z,"70 km SE of King Cove, Alaska",earthquake,5.25,2.012,0.081,20,reviewed,us,us
2026-04-23T18:42:39.644Z,40.6326,-127.602,10,3,ml,31,269,2.662,0.97,us,us6000sse5,2026-04-23T18:55:44.040Z,"282 km W of Ferndale, California",earthquake,12.06,2.024,0.043,70,reviewed,us,us
2026-04-23T17:59:04.200Z,36.0545,-89.825833333333,11.78,4,mw,88,46,0.06532,0.14,nm,nm60620376,2026-04-27T00:53:50.067Z,"1 km WNW of Cooter, Missouri",earthquake,0.18,0.29,,0,reviewed,nm,nm
2026-04-23T17:46:13.559Z,-34.7876,-179.1302,10,4.8,mb,24,232,3.459,0.78,us,us6000ssci,2026-04-23T18:43:03.040Z,"south of the Kermadec Islands",earthquake,13.11,2.005,0.149,14,reviewed,us,us
2026-04-23T17:25:26.353Z,-34.7448,-179.2199,10,4.6,mb,22,241,3.451,0.85,us,us6000sszx,2026-04-26T12:27:38.040Z,"south of the Kermadec Islands",earthquake,12.71,1.996,0.151,13,reviewed,us,us
2026-04-23T16:30:45.974Z,59.534,-151.595,51.4,2.7,ml,103,109,0.1,0.7,ak,aka2026hyweif,2026-04-23T20:02:32.679Z,"7 km NNE of Seldovia Village, Alaska",earthquake,2.5,2.4389,0.2,70,reviewed,ak,ak
2026-04-23T16:12:02.810Z,17.956833333333,-66.825833333333,18.82,2.54,md,7,218,0.05398,0.24,pr,pr71514568,2026-04-23T16:52:38.710Z,"4 km S of Indios, Puerto Rico",earthquake,1.2,0.75,0.099094612116327,5,reviewed,pr,pr
2026-04-23T16:02:00.550Z,18.778833333333,-67.3025,8.61,3.18,md,12,216,0.3589,0.36,pr,pr71514558,2026-04-23T16:30:55.040Z,"38 km NW of San Antonio, Puerto Rico",earthquake,1.31,1.6,0.15139374022965,7,reviewed,pr,pr
2026-04-23T15:14:55.617Z,63.34,-151.768,7.2,2.6,ml,86,31,0.2,1.4,ak,aka2026hytrcw,2026-04-23T18:55:30.406Z,"22 km S of Denali National Park, Alaska",earthquake,2.1,0,0.2,57,reviewed,ak,ak
2026-04-23T14:55:28.580Z,18.448833333333,-66.075333333333,112.38,3.14,md,9,198,0.3022,0.14,pr,pr71514548,2026-04-23T15:28:58.260Z,"3 km ESE of San Juan, Puerto Rico",earthquake,1.84,0.88,0.052206909623033,9,reviewed,pr,pr
2026-04-23T14:53:17.030Z,35.6218,140.0662,80.188,4.5,mb,50,134,1.762,0.71,us,us6000sscv,2026-04-24T00:21:26.339Z,"3 km S of Kemigawa, Japan",earthquake,11.11,7.903,0.084,41,reviewed,us,us
2026-04-23T14:15:31.675Z,54.527,-160.317,2.6,2.5,ml,12,271,1.1,0.5,ak,aka2026hyrsaa,2026-04-23T18:50:53.665Z,"90 km S of Sand Point, Alaska",earthquake,10.9,4.9922,0.1,8,reviewed,ak,ak
2026-04-23T14:09:26.046Z,13.1854,-89.4104,62.2,4.8,mb,25,172,0.467,1.18,us,us6000ssak,2026-04-24T00:45:22.311Z,"34 km SSW of La Libertad, El Salvador",earthquake,5.08,9.55,0.077,52,reviewed,us,us
2026-04-23T13:01:17.493Z,61.643,-151.47,80.8,2.7,ml,111,35,0.2,0.8,ak,aka2026hypfvn,2026-04-23T18:47:58.474Z,"38 km S of Skwentna, Alaska",earthquake,2.2,2.1265,0.2,73,reviewed,ak,ak
2026-04-23T12:21:46.750Z,35.069833333333,-119.11333333333,12.89,3.04,ml,74,41,0.02669,0.3,ci,ci41447104,2026-04-24T04:55:21.347Z,"22 km NW of Grapevine, CA",earthquake,0.24,0.61,0.17108982580974,129,reviewed,ci,ci
2026-04-23T12:07:03.408Z,39.2999,-119.1041,8.2712,2.61,ml,22,66,0.069,0.1534,nn,nn00916247,2026-04-24T12:22:58.040Z,"16 km SE of Silver Springs, Nevada",earthquake,,1.5134,0.21,12,reviewed,nn,nn
2026-04-23T11:55:10.120Z,19.752833333333,-155.85966666667,24.35,2.46,ml,25,118,0.07148,0.15,hv,hv74942107,2026-04-24T02:48:43.900Z,"13 km ENE of Kalaoa, Hawaii",earthquake,0.48,0.9,0.25774986441691,15,reviewed,hv,hv
2026-04-23T10:08:37.116Z,60.911,-152.165,10,2.5,ml,59,32,0.3,1,ak,aka2026hyjnbe,2026-04-23T18:24:05.697Z,"53 km WNW of Nikiski, Alaska",earthquake,2.3,0,0.2,42,reviewed,ak,ak
2026-04-23T10:07:48.736Z,-42.2859,-18.4093,10,5.2,mb,31,86,35.527,1.03,us,us6000ss9m,2026-04-23T10:25:57.040Z,"southern Mid-Atlantic Ridge",earthquake,14.15,1.913,0.082,49,reviewed,us,us
2026-04-23T09:40:18.374Z,39.2712,-119.0998,9.0798,3.02,ml,22,57,0.05,0.1685,nn,nn00916225,2026-04-23T10:02:00.040Z,"19 km SE of Silver Springs, Nevada",earthquake,,1.4914,0.27,13,reviewed,nn,nn
2026-04-23T09:08:19.941Z,-56.9946,-30.4484,10,4.6,mb,22,99,4.369,0.68,us,us6000sszv,2026-04-26T12:11:20.040Z,"South Sandwich Islands region",earthquake,9.65,1.913,0.122,20,reviewed,us,us
2026-04-23T08:24:03.975Z,69.178,-144.738,1.9,2.6,ml,32,58,0.6,0.9,ak,aka2026hygazj,2026-04-23T18:18:42.550Z,"114 km SSW of Kaktovik, Alaska",earthquake,3.6,0,0.1,20,reviewed,ak,ak
2026-04-23T07:12:55.378Z,57.275,-153.26,39.3,4.2,ml,203,106,0.1,0.9,ak,aka2026hydrzg,2026-04-24T03:29:29.462Z,"8 km NNE of Old Harbor, Alaska",earthquake,2.6,3.1913,0.2,121,reviewed,ak,ak
2026-04-23T06:31:10.762Z,-20.7822,-176.2603,206.451,5.2,mww,98,45,5.957,1.13,us,us6000ss90,2026-04-23T06:50:08.040Z,"108 km WNW of Houma, Tonga",earthquake,10.31,6.806,0.086,13,reviewed,us,us
2026-04-23T06:31:05.746Z,60.62,-151.018,63.6,2.6,ml,72,48,0.2,0.7,ak,aka2026hychpd,2026-04-23T07:42:36.690Z,"10 km NNE of Ridgeway, Alaska",earthquake,2.2,2.7983,0.2,49,reviewed,ak,ak
2026-04-23T05:30:59.775Z,-57.1,-24.5095,10,5,mb,38,134,7.334,0.93,us,us6000ss8w,2026-04-23T06:12:34.040Z,"South Sandwich Islands region",earthquake,12.64,1.69,0.103,30,reviewed,us,us
2026-04-23T03:42:14.517Z,51.6362,-177.2718,86.351,3.7,ml,32,192,0.128,0.3,us,us6000ss8l,2026-04-23T23:33:01.040Z,"51 km WSW of Adak, Alaska",earthquake,7.42,5.933,0.085,18,reviewed,us,us
2026-04-23T03:31:36.220Z,19.411833333333,-155.62566666667,0.97,2.8,ml,46,116,0.06883,0.13,hv,hv74941927,2026-04-23T04:37:59.220Z,"25 km E of Honaunau-Napoopoo, Hawaii",earthquake,0.22,0.82,0.14749767573927,39,reviewed,hv,hv
2026-04-23T01:43:46.712Z,51.3012,159.842,10,4.9,mb,44,129,2.239,1.32,us,us6000ss8a,2026-04-23T02:15:03.040Z,"206 km SSE of Vilyuchinsk, Russia",earthquake,9.74,1.902,0.091,38,reviewed,us,us
2026-04-23T00:07:57.051Z,39.6744,143.3289,16.958,4.9,mb,57,150,2.06,0.72,us,us6000ss7p,2026-04-23T00:27:34.040Z,"119 km E of Miyako, Japan",earthquake,8.16,5.11,0.069,65,reviewed,us,us
2026-04-22T23:47:31.930Z,18.5105,-68.8471,157,4.06,md,13,193,0.4657,0.61,pr,pr2026112000,2026-04-23T00:36:39.872Z,"16 km NE of La Romana, Dominican Republic",earthquake,8.77,2.77,0.08,12,reviewed,pr,pr
2026-04-22T23:12:06.028Z,53.932,-165.381,113.7,2.9,ml,40,193,0.3,0.5,ak,aka2026hxntbv,2026-04-23T04:25:02.781Z,"34 km SE of Akutan, Alaska",earthquake,25.4,4.3085,0.3,30,reviewed,ak,ak
2026-04-22T22:04:07.657Z,18.1152,145.2292,363.396,4.5,mb,68,95,12.398,0.53,us,us6000ss74,2026-04-22T22:21:49.040Z,"Pagan region, Northern Mariana Islands",earthquake,11.79,8.596,0.044,155,reviewed,us,us
2026-04-22T21:26:29.642Z,58.7,-151.018,23.6,2.5,ml,44,158,0.7,0.8,ak,aka2026hxkgsy,2026-04-22T22:11:01.202Z,"86 km SSE of Port Graham, Alaska",earthquake,4.4,4.1759,0.2,30,reviewed,ak,ak
2026-04-22T20:49:32.446Z,53.503,-164.895,14.8,2.9,ml,27,218,0.8,1,ak,aka2026hxjajs,2026-04-22T22:05:50.680Z,"91 km SE of Akutan, Alaska",earthquake,6.7,3.0808,0.1,21,reviewed,ak,ak
2026-04-22T20:07:23.573Z,32.063,-103.725,7.7533,2.5,ml,34,33,0,0.1,tx,tx2026hxhqdi,2026-04-25T18:58:37.023Z,"37 km ESE of Malaga, New Mexico",earthquake,0.36035372484901,0.48609779153551,0.1,18,reviewed,tx,tx
2026-04-22T19:55:26.813Z,39.2713,-119.1032,8.0919,3.15,ml,23,58,0.052,0.1769,nn,nn00916102,2026-04-23T20:53:32.707Z,"19 km SSE of Silver Springs, Nevada",earthquake,,1.6352,0.26,10,reviewed,nn,nn
2026-04-22T19:25:23.365Z,52.596,-166.6,10,2.8,ml,12,295,1.2,0.7,ak,aka2026hxgfyu,2026-04-22T21:50:56.704Z,"142 km S of Unalaska, Alaska",earthquake,7.7,0,0.1,8,reviewed,ak,ak
2026-04-22T19:04:57.538Z,-34.7552,-179.0337,10,4.5,mb,23,192,3.532,0.83,us,us6000sszd,2026-04-26T10:00:02.040Z,"south of the Kermadec Islands",earthquake,10.96,1.92,0.156,12,reviewed,us,us
2026-04-22T19:02:41.410Z,19.203,-64.3745,40.95,3.09,md,4,318,0.7095,0.23,pr,pr71514438,2026-04-22T19:44:04.220Z,"106 km NNE of Cruz Bay, U.S. Virgin Islands",earthquake,7.44,19.02,0.18415785584822,4,reviewed,pr,pr
2026-04-22T18:15:00.002Z,-10.9927,113.8493,10,4.7,mb,43,94,2.524,1.12,us,us6000ss58,2026-04-22T20:24:24.040Z,"282 km SSW of Jimbaran, Indonesia",earthquake,7.21,1.913,0.1,30,reviewed,us,us
2026-04-22T17:46:37.429Z,40.1155,142.3557,35,4.5,mb,66,149,1.193,1.03,us,us6000ss57,2026-04-22T20:17:17.040Z,"45 km E of Noda, Japan",earthquake,7.24,1.925,0.074,53,reviewed,us,us
2026-04-22T17:40:50.474Z,53.121,-163.044,10,3.1,ml,22,270,1.6,0.7,ak,aka2026hxcune,2026-04-22T21:46:40.319Z,"194 km S of False Pass, Alaska",earthquake,7.6,0,0.1,16,reviewed,ak,ak
2026-04-22T17:34:50.749Z,39.2785,-119.0851,6.9694,2.81,ml,23,71,0.044,0.1582,nn,nn00916063,2026-04-22T19:06:42.995Z,"19 km SE of Silver Springs, Nevada",earthquake,,1.0888,0.39,12,reviewed,nn,nn
2026-04-22T17:30:19.314Z,39.2817,-119.091,9.6873,2.59,ml,17,89,0.049,0.2774,nn,nn00916056,2026-04-22T22:40:04.364Z,"18 km SE of Silver Springs, Nevada",earthquake,,0.6231,0.28,8,automatic,nn,nn
2026-04-22T17:23:37.085Z,39.2758,-119.0955,3,4.78,mwr,37,58,0.049,0.1935,nn,nn00916046,2026-04-26T20:38:43.212Z,"19 km SE of Silver Springs, Nevada",earthquake,,1.1577,,,reviewed,nn,nn
2026-04-22T17:22:14.362Z,39.2759,-119.1148,4,3.5,mwr,12,85,0.062,0.1726,nn,nn00916042,2026-04-23T17:47:27.144Z,"18 km SSE of Silver Springs, Nevada",earthquake,,4.0524,,,reviewed,nn,nn
2026-04-22T16:58:53.420Z,19.347833333333,-67.360833333333,18.79,3.18,md,6,328,0.907,0.14,pr,pr71514423,2026-04-22T17:36:12.090Z,"98 km NNW of San Antonio, Puerto Rico",earthquake,6.1,12.33,0.029570136315205,5,reviewed,pr,pr
2026-04-22T16:49:32.397Z,55.992,-159.88,10,3.5,ml,72,152,0.3,1.1,ak,aka2026hxbbsz,2026-04-23T23:47:49.040Z,"26 km WNW of Ivanof Bay, Alaska",earthquake,6,0,0.1,48,reviewed,ak,ak
2026-04-22T14:40:38.420Z,17.980833333333,-66.833333333333,10.63,2.71,md,15,156,0.04409,0.22,pr,pr71514408,2026-04-22T14:58:51.480Z,"2 km SW of Indios, Puerto Rico",earthquake,0.43,0.62,0.18469714347096,9,reviewed,pr,pr
2026-04-22T14:35:35.210Z,38.725,-112.46783333333,7.64,3.22,ml,29,56,0.1165,0.21,uu,uu80137836,2026-04-23T16:54:24.715Z,"8 km SSW of Kanosh, Utah",earthquake,0.37,0.91,0.17748747261082,31,reviewed,uu,uu
2026-04-22T13:20:45.869Z,-15.4409,167.4412,120.214,5,mww,90,64,0.23,0.99,us,us6000ss20,2026-04-22T20:23:24.452Z,"31 km ENE of Luganville, Vanuatu",earthquake,8.74,3.769,0.08,15,reviewed,us,us
2026-04-22T12:18:37.573Z,39.9953,142.9285,57.183,5,mb,113,60,1.63,0.56,us,us6000ss1u,2026-04-22T12:34:33.040Z,"93 km ENE of Miyako, Japan",earthquake,7.75,6.318,0.032,311,reviewed,us,us
2026-04-22T12:06:25.539Z,40.3162,142.3004,57.72,4.5,mb,46,182,1.054,0.58,us,us6000ss1s,2026-04-22T12:22:36.040Z,"47 km ENE of Noda, Japan",earthquake,5.73,8.427,0.081,44,reviewed,us,us
2026-04-22T12:04:45.398Z,-10.6533,161.5333,47.37,4.6,mb,21,108,1.974,1.05,us,us6000ss1r,2026-04-22T12:22:28.040Z,"47 km WSW of Kirakira, Solomon Islands",earthquake,10.54,9.494,0.125,19,reviewed,us,us
2026-04-22T11:11:46.916Z,46.8378,92.8983,10,4.9,mb,47,64,7.28,0.69,us,us6000ss1k,2026-04-26T04:45:29.825Z,"160 km SE of Khovd, Mongolia",earthquake,7.62,1.868,0.073,59,reviewed,us,us
2026-04-22T11:11:29.100Z,51.580833333333,-178.39066666667,4.85,3.33,ml,13,190,0.2657,0.19,av,av94160663,2026-04-23T00:02:57.620Z,"125 km WSW of Adak, Alaska",earthquake,0.79,1.56,0.22840899901036,13,reviewed,av,av
2026-04-22T10:05:42.011Z,56.607,-148.275,16.2,2.9,ml,32,234,3,0.4,ak,aka2026hwnrqe,2026-04-22T20:23:54.732Z,"267 km ESE of Chiniak, Alaska",earthquake,15.7,12.8199,0.1,25,reviewed,ak,ak
2026-04-22T09:49:06.823Z,39.9495,143.0654,35,4.2,mb,17,196,1.744,0.39,us,us6000ss1b,2026-04-22T10:08:59.040Z,"102 km ENE of Miyako, Japan",earthquake,8.24,1.994,0.167,10,reviewed,us,us
2026-04-22T09:03:21.100Z,17.960833333333,-66.840666666667,12.27,2.52,md,10,178,0.03936,0.17,pr,pr71514398,2026-04-22T09:25:01.770Z,"4 km SSW of Indios, Puerto Rico",earthquake,0.57,0.58,0.18484087020409,4,reviewed,pr,pr
2026-04-22T08:51:13.248Z,51.2112,-175.9417,10,3,ml,15,239,0.713,0.39,us,us6000ss64,2026-04-23T06:47:44.040Z,"87 km SSE of Adak, Alaska",earthquake,2.91,1.998,0.115,10,reviewed,us,us
2026-04-22T08:35:51.205Z,10.4424,-41.8425,10,4.9,mb,36,66,11.939,0.94,us,us6000ss13,2026-04-22T17:59:09.040Z,"northern Mid-Atlantic Ridge",earthquake,11.49,1.879,0.067,71,reviewed,us,us
2026-04-22T08:09:02.324Z,54.0862,-164.382,76.403,2.7,ml,21,205,0.405,0.51,us,us6000ss61,2026-04-23T06:07:21.040Z,"91 km E of Akutan, Alaska",earthquake,8.83,16.86,0.128,8,reviewed,us,us
2026-04-22T07:40:49.877Z,49.9647,157.1919,35,4.9,mb,74,143,11.542,0.54,us,us6000srzq,2026-04-22T08:10:18.040Z,"109 km SE of Severo-Kuril’sk, Russia",earthquake,8.14,1.844,0.038,219,reviewed,us,us
2026-04-22T07:40:09.500Z,63.567,-150.994,5,2.7,ml,99,16,0.5,1.2,ak,aka2026hwiwfh,2026-04-23T05:51:57.040Z,"36 km E of Denali National Park, Alaska",earthquake,2.1,0,0.2,66,reviewed,ak,ak
2026-04-22T07:07:39.870Z,17.978833333333,-66.758666666667,9.56,2.75,md,29,157,0.05152,0.2,pr,pr71514383,2026-04-22T07:32:04.120Z,"4 km SSE of Magas Arriba, Puerto Rico",earthquake,0.35,0.54,0.045290458352222,7,reviewed,pr,pr
2026-04-22T06:39:42.688Z,32.009,-103.231,7.0227,2.5,ml,28,50,0.1,0.2,tx,tx2026hwgvzh,2026-04-23T05:44:02.040Z,"12 km SSW of Jal, New Mexico",earthquake,0.55441742403969,1.1038808493951,0.2,12,reviewed,tx,tx
2026-04-22T04:44:11.374Z,36.602,-116.0517,8.602,2.5,ml,48,86,0.094,0.1023,nn,nn00915987,2026-04-22T16:33:04.742Z,"34 km W of Indian Springs, Nevada",earthquake,,0.6918,0.2,16,reviewed,nn,nn
2026-04-22T04:23:22.600Z,17.963333333333,-65.377333333333,10.05,3.11,md,21,162,0.3539,0.41,pr,pr71514363,2026-04-22T05:05:01.040Z,"17 km SSE of Esperanza, Puerto Rico",earthquake,0.8,1.06,0.032498700248058,11,reviewed,pr,pr
2026-04-22T04:20:16.700Z,17.9665,-66.8375,12.57,3.03,md,25,174,0.04065,0.2,pr,pr71514348,2026-04-22T05:29:03.400Z,"3 km SSW of Indios, Puerto Rico",earthquake,0.43,0.27,0.055900973691155,13,reviewed,pr,pr
2026-04-22T04:07:57.820Z,17.964166666667,-66.839833333333,12.64,3.15,md,32,176,0.03906,0.3,pr,pr71514338,2026-04-22T04:36:07.650Z,"3 km SSW of Indios, Puerto Rico",earthquake,0.54,0.37,0.061359077399853,15,reviewed,pr,pr
2026-04-22T04:05:50.390Z,32.371,-115.22383333333,10.97,2.55,ml,24,55,0.08399,0.32,ci,ci41446600,2026-04-22T21:45:00.040Z,"3 km WNW of Delta, B.C., MX",earthquake,0.39,1.03,0.16597525382762,35,reviewed,ci,ci
2026-04-22T02:49:12.430Z,19.142166666667,-66.436166666667,46.15,3.17,md,21,244,0.6674,0.32,pr,pr71514323,2026-04-22T03:20:54.360Z,"75 km N of Brenas, Puerto Rico",earthquake,1.55,5.01,0.10320851047177,12,reviewed,pr,pr
2026-04-22T02:29:45.939Z,61.783,-146.813,18.7,2.8,ml,114,27,0.2,1,ak,aka2026hvyotm,2026-04-22T18:25:17.050Z,"23 km S of Nelchina, Alaska",earthquake,1.6,1.6895,0.2,78,reviewed,ak,ak
2026-04-22T02:25:46.580Z,17.967833333333,-66.839666666667,12.97,2.86,md,24,174,0.03836,0.2,pr,pr71514308,2026-04-22T02:45:03.470Z,"3 km SW of Indios, Puerto Rico",earthquake,0.44,0.3,0.10991621169197,9,reviewed,pr,pr
2026-04-22T01:17:16.078Z,51.3923,-175.7009,22.986,2.5,ml,17,237,0.611,0.81,us,us6000ss52,2026-04-22T21:50:59.040Z,"83 km SE of Adak, Alaska",earthquake,3.02,11.844,0.128,8,reviewed,us,us
2026-04-22T00:01:12.294Z,39.9179,143.2055,35,5.3,mww,96,62,1.853,0.59,us,us6000srxu,2026-04-22T12:24:18.726Z,"112 km ENE of Miyako, Japan",earthquake,5.99,1.827,0.103,9,reviewed,us,us
2026-04-21T22:00:30.129Z,-20.2857,-71.0453,10,4.4,mb,23,150,0.858,0.74,us,us6000srxi,2026-04-23T18:10:28.040Z,"93 km W of Puerto, Chile",earthquake,4.29,1.861,0.162,11,reviewed,us,us
2026-04-21T21:04:25.784Z,51.3826,-176.0482,34.34,3.1,ml,23,222,0.529,0.44,us,us6000ss4l,2026-04-26T20:26:42.040Z,"68 km SE of Adak, Alaska",earthquake,5.6,14.795,0.105,12,reviewed,us,us
2026-04-21T19:37:08.189Z,50.125,-176.756,18.2,3.1,ml,16,308,1.7,0.4,ak,aka2026hvkxra,2026-04-22T17:27:25.052Z,"194 km S of Adak, Alaska",earthquake,35.4,24.1983,0.1,10,reviewed,ak,ak
2026-04-21T18:44:12.001Z,40.1562,143.4599,35,5.6,mww,103,102,1.871,1.78,us,us6000srvu,2026-04-22T19:12:57.159Z,"140 km E of Noda, Japan",earthquake,7.09,1.852,0.069,20,reviewed,us,us
2026-04-21T18:43:02.208Z,40.2344,143.1277,40.126,4.4,mb,62,134,1.668,0.66,us,us6000srvw,2026-04-21T19:28:59.040Z,"112 km E of Noda, Japan",earthquake,7.81,7.602,0.079,47,reviewed,us,us
2026-04-21T18:02:39.800Z,19.431166666667,-66.004833333333,29.58,3.34,md,14,288,1.071,0.23,pr,pr71514288,2026-04-21T19:18:19.040Z,"107 km N of San Juan, Puerto Rico",earthquake,1.45,16.21,0.13807737862833,10,reviewed,pr,pr
2026-04-21T18:00:35.297Z,53.238,-167.218,4.2,2.5,ml,17,234,0.5,0.3,ak,aka2026hvhrzh,2026-04-22T17:16:47.716Z,"84 km SSW of Unalaska, Alaska",earthquake,9,5.0225,0.2,12,reviewed,ak,ak
2026-04-21T17:12:24.074Z,50.825,-179.289,7.1,3,ml,19,243,0.8,0.9,ak,aka2026hvgclr,2026-04-22T17:12:36.733Z,"218 km WSW of Adak, Alaska",earthquake,9.8,4.4763,0.1,12,reviewed,ak,ak
2026-04-21T16:18:55.418Z,-12.425,-75.5727,102.261,4.5,mb,44,117,1.315,0.74,us,us6000srv3,2026-04-21T18:11:50.040Z,"24 km ESE of Laraos, Peru",earthquake,13.39,9.952,0.064,74,reviewed,us,us
2026-04-21T16:18:10.843Z,40.0783,142.2292,50.385,4.4,mb,60,117,1.138,0.73,us,us6000srv5,2026-04-21T18:01:00.040Z,"35 km E of Noda, Japan",earthquake,3.73,7.805,0.08,45,reviewed,us,us
2026-04-21T15:21:41.798Z,50.9087,-179.3561,12.505,3.1,ml,22,233,0.73,0.66,us,us6000ss2x,2026-04-24T14:18:35.040Z,"217 km WSW of Adak, Alaska",earthquake,3.05,7.224,0.091,16,reviewed,us,us
2026-04-21T14:52:17.411Z,16.7709,-95.7767,81.326,5,mb,149,150,4.116,0.71,us,us6000sru5,2026-04-22T19:07:30.194Z,"12 km SSW of Santiago Quiavicuzas, Mexico",earthquake,10.51,8.66,0.029,377,reviewed,us,us
2026-04-21T14:26:42.511Z,39.2825,-119.1029,6.3503,2.57,ml,23,61,0.057,0.1294,nn,nn00915938,2026-04-21T17:33:43.040Z,"18 km SE of Silver Springs, Nevada",earthquake,,0.9853,0.35,17,reviewed,nn,nn
2026-04-21T14:24:37.872Z,23.85,94.1865,78.051,4.5,mb,73,52,2.717,0.79,us,us6000sru6,2026-04-21T17:07:34.040Z,"31 km NW of Mawlaik, Burma (Myanmar)",earthquake,8.52,6.731,0.068,63,reviewed,us,us
2026-04-21T14:05:22.200Z,40.8015,-123.21166666667,33.68,2.77,md,48,36,0.1416,0.11,nc,nc75349072,2026-04-24T17:57:22.863Z,"24 km WNW of Weaverville, CA",earthquake,0.22,0.43,0.183,56,reviewed,nc,nc
2026-04-21T12:52:52.340Z,19.181499481201,-155.51683044434,31.85000038147,2.64,ml,54,100,0.05787,0.140000001,hv,hv74940622,2026-04-21T20:07:49.870Z,"4 km WSW of Pāhala, Hawaii",earthquake,0.45,0.629999995,0.33,36,automatic,hv,hv
2026-04-21T12:43:08.380Z,36.021666666667,-117.77916666667,1.74,2.62,ml,41,41,0.01181,0.15,ci,ci41446208,2026-04-21T14:41:58.810Z,"15 km NE of Little Lake, CA",earthquake,0.13,0.16,0.19621650203926,93,reviewed,ci,ci
2026-04-21T11:03:15.713Z,-23.1597,170.8816,10,4.7,mb,28,117,3.214,0.51,us,us6000srtg,2026-04-21T11:38:27.040Z,"southeast of the Loyalty Islands",earthquake,11.48,1.93,0.126,19,reviewed,us,us
2026-04-21T10:30:27.397Z,-62.0123,164.998,10,5.7,mww,25,150,8.18,1.36,us,us6000srtd,2026-04-22T17:25:10.040Z,"Balleny Islands region",earthquake,15.46,1.93,0.059,28,reviewed,us,us
2026-04-21T09:42:19.860Z,18.0896,-68.4703,98,3.57,md,17,192,0.4335,0.57,pr,pr2026111001,2026-04-21T13:37:05.040Z,"35 km SSE of Boca de Yuma, Dominican Republic",earthquake,6.09,3.7,0.21,11,reviewed,pr,pr
2026-04-21T09:26:31.947Z,40.408,-125.6619,10,2.6,ml,24,257,1.177,0.37,us,us6000srt6,2026-04-22T06:24:08.040Z,"119 km W of Ferndale, California",earthquake,3.43,2.015,0.042,74,reviewed,us,us
2026-04-21T08:59:00.510Z,40.326833333333,-124.80783333333,14.18,3.04,ml,117,233,0.3578,0.3,nc,nc75348987,2026-04-24T00:47:23.176Z,"44 km W of Petrolia, CA",earthquake,0.64,0.74,0.188,24,reviewed,nc,nc
2026-04-21T08:24:24.922Z,51.114,-179.916,10.8,3.3,ml,16,231,0.6,0.7,ak,aka2026huopmm,2026-04-22T16:23:46.010Z,"243 km WSW of Adak, Alaska",earthquake,8.7,2.9453,0.2,12,reviewed,ak,ak
2026-04-21T07:16:26.472Z,39.3158,-119.0315,9.5165,2.66,ml,26,130,0.065,0.154,nn,nn00915911,2026-04-22T07:37:22.040Z,"19 km ESE of Silver Springs, Nevada",earthquake,,1.1968,0.25,10,reviewed,nn,nn
2026-04-21T06:15:37.270Z,19.0176,-68.5051,7,3.79,md,26,210,0.5187,0.64,pr,pr2026111000,2026-04-21T07:43:46.548Z,"43 km NNE of Otra Banda, Dominican Republic",earthquake,1.44,2.09,0.21,26,reviewed,pr,pr
2026-04-21T05:29:09.335Z,39.8481,143.6273,10,5.4,mww,97,95,2.173,1.03,us,us6000srs6,2026-04-22T05:56:53.876Z,"146 km E of Miyako, Japan",earthquake,7.9,1.856,0.075,17,reviewed,us,us
2026-04-21T05:19:56.456Z,39.862,143.6712,10,4.7,mww,82,133,2.186,0.82,us,us6000srs5,2026-04-21T05:39:42.040Z,"150 km E of Miyako, Japan",earthquake,7.12,1.879,0.103,9,reviewed,us,us
2026-04-21T05:04:22.653Z,57.212,-156.561,7.7,3,ml,29,156,0.4,0.4,ak,aka2026huhzcp,2026-04-22T16:08:58.294Z,"60 km SE of Ugashik, Alaska",earthquake,5.8,2.9174,0.2,40,reviewed,ak,ak
2026-04-21T05:03:20.300Z,18.603166666667,-66.769833333333,13.53,2.69,md,22,213,0.2556,0.18,pr,pr71514113,2026-04-21T05:24:25.570Z,"13 km N of Carrizales, Puerto Rico",earthquake,0.54,0.36,0.15953771883702,14,reviewed,pr,pr
2026-04-21T04:58:35.660Z,18.118666666667,-67.696,39.79,3.05,md,14,192,0.5689,0.5,pr,pr71514123,2026-04-21T05:39:03.610Z,"52 km WSW of Stella, Puerto Rico",earthquake,2.84,4.45,0.036366546162742,5,reviewed,pr,pr
2026-04-21T04:56:45.160Z,18.541166666667,-68.358166666667,30.76,3.23,md,21,137,0.03426,0.25,pr,pr71514108,2026-04-21T05:25:50.850Z,"6 km SE of Punta Cana, Dominican Republic",earthquake,1.38,0.72,0.23842779344605,5,reviewed,pr,pr
2026-04-21T04:48:01.532Z,55.821,-156.329,17.3,2.7,ml,15,259,1.3,0.4,ak,aka2026huhkuu,2026-04-22T05:22:21.729Z,"139 km ESE of Chignik, Alaska",earthquake,21.6,17.4371,0.3,12,reviewed,ak,ak
2026-04-21T03:45:29.244Z,52.322,-168.683,14.3,3.8,ml,42,215,0.7,0.9,ak,aka2026hufjbm,2026-04-22T05:14:47.743Z,"69 km S of Nikolski, Alaska",earthquake,7.5,3.5749,0.3,29,reviewed,ak,ak
2026-04-21T03:37:24.050Z,36.47783333,-98.74033333,8.66,3.05,ml,81,37,0,0.11,ok,ok2026htgn,2026-04-21T03:54:31.574Z,"17 km SE of Waynoka, Oklahoma",earthquake,,0.3,0.2,41,reviewed,ok,ok
2026-04-21T03:31:10.110Z,51.569,-174.877,19.2,3,ml,15,244,0.8,0.5,ak,aka2026huewtl,2026-04-22T05:10:37.564Z,"83 km SSW of Atka, Alaska",earthquake,10.3,6.6341,0.1,13,reviewed,ak,ak
2026-04-21T03:17:07.811Z,-9.068,124.0863,77.167,5.5,mww,43,61,0.706,1.31,us,us6000srrc,2026-04-22T18:10:44.040Z,"35 km WNW of Pante Makasar, Timor Leste",earthquake,8.79,8.93,0.078,16,reviewed,us,us
2026-04-21T02:57:02.090Z,17.945666666667,-66.961333333333,10.36,2.45,md,13,223,0.08341,0.12,pr,pr71514103,2026-04-21T03:10:46.160Z,"6 km WSW of Guánica, Puerto Rico",earthquake,0.35,0.58,0.12915069469954,9,reviewed,pr,pr
2026-04-21T02:48:33.938Z,45.8576,-74.8481,10.804,2.5,mb_lg,19,69,0.415,0.28,us,us6000srr8,2026-04-22T02:32:01.040Z,"23 km NE of Saint-André-Avellin, Canada",earthquake,2.53,2.365,0.295,3,reviewed,us,us
2026-04-21T02:35:47.967Z,39.8608,143.1656,35.352,4.8,mb,53,133,1.855,0.64,us,us6000srr7,2026-04-21T02:56:06.040Z,"107 km ENE of Miyako, Japan",earthquake,7.01,7.134,0.045,153,reviewed,us,us
2026-04-21T02:34:08.278Z,39.2705,-119.1103,7.1937,2.57,ml,24,59,0.057,0.1629,nn,nn00915900,2026-04-21T16:02:29.981Z,"18 km SSE of Silver Springs, Nevada",earthquake,,1.2841,0.36,16,reviewed,nn,nn
2026-04-21T02:22:21.410Z,0.3364,-78.3232,129.427,5.2,mww,108,24,0.36,0.97,us,us6000srr2,2026-04-22T02:41:42.601Z,"7 km WNW of Cotacachi, Ecuador",earthquake,6.76,3.704,0.045,47,reviewed,us,us
2026-04-21T02:17:48.029Z,52.0097,160.3252,23.354,4.7,mb,38,163,1.944,0.8,us,us6000srr3,2026-04-21T02:42:10.040Z,"164 km SE of Petropavlovsk-Kamchatsky, Russia",earthquake,13.52,7.455,0.08,48,reviewed,us,us
2026-04-21T01:36:00.717Z,55.642,-159.802,79.4,2.8,ml,29,187,0.5,0.6,ak,aka2026hubbob,2026-04-22T05:05:14.924Z,"35 km SW of Ivanof Bay, Alaska",earthquake,11.5,3.4277,0.2,22,reviewed,ak,ak
2026-04-21T00:59:08.058Z,33.6435,137.7548,327.279,4,mb,51,137,1.983,0.52,us,us6000srqn,2026-04-21T01:56:59.040Z,"114 km SE of Shima, Japan",earthquake,13.66,8.6,0.075,48,reviewed,us,us
2026-04-21T00:29:35.894Z,24.6039,94.5961,100.552,5,mb,85,43,3.395,0.52,us,us6000srqj,2026-04-21T23:05:45.712Z,"53 km E of Wāngjing, India",earthquake,9.67,1.875,0.045,155,reviewed,us,us
2026-04-21T00:17:49.906Z,-3.4874,127.2516,119.215,4.5,mb,23,120,2.839,0.36,us,us6000srqi,2026-04-21T01:30:17.040Z,"106 km WNW of Ambon, Indonesia",earthquake,14.55,9.404,0.121,20,reviewed,us,us
2026-04-21T00:08:27.796Z,23.219,94.7634,107.807,4.7,mb,121,50,2.009,0.59,us,us6000srqg,2026-04-21T01:06:45.040Z,"59 km SE of Mawlaik, Burma (Myanmar)",earthquake,8.13,5.883,0.055,99,reviewed,us,us
2026-04-20T23:36:58.810Z,19.271833333333,-65.855833333333,25.92,3.15,md,16,251,0.9816,0.29,pr,pr71514073,2026-04-21T01:10:59.040Z,"92 km NNE of San Juan, Puerto Rico",earthquake,1.18,19.63,0.08865930027889,13,reviewed,pr,pr
2026-04-20T23:26:41.426Z,-14.4599,-76.708,10,4.3,mb,11,171,2.461,0.55,us,us6000srq4,2026-04-21T00:02:08.040Z,"81 km SW of Paracas, Peru",earthquake,10.36,1.99,0.148,13,reviewed,us,us
2026-04-20T22:55:19.940Z,40.279666666667,-124.53383333333,19.16,2.45,md,30,260,0.1466,0.16,nc,nc75348822,2026-04-23T22:32:21.277Z,"22 km WSW of Petrolia, CA",earthquake,1.26,0.38,0.078,23,reviewed,nc,nc
2026-04-20T22:42:59.963Z,44.6038,-129.0109,10,3.3,ml,44,288,3.729,0.6,us,us6000srpu,2026-04-20T22:57:31.040Z,"off the coast of Oregon",earthquake,13.02,2.026,0.05,52,reviewed,us,us
2026-04-20T21:59:56.780Z,1.1357,-85.3693,10,4.6,mb,27,158,6.9,0.79,us,us6000srpn,2026-04-20T22:49:42.040Z,"off the coast of Ecuador",earthquake,10.88,1.968,0.136,16,reviewed,us,us
2026-04-20T21:57:25.790Z,35.1785,-117.367,5.26,3.18,ml,65,30,0.1758,0.14,ci,ci41445912,2026-04-20T23:54:19.440Z,"33 km SE of Johannesburg, CA",earthquake,0.13,0.7,0.15745876468953,335,reviewed,ci,ci
2026-04-20T21:25:54.920Z,-6.6633,131.9536,10,4.5,mb,14,177,2.947,0.43,us,us6000srpg,2026-04-20T22:07:46.040Z,"144 km SW of Tual, Indonesia",earthquake,6.95,1.952,0.18,9,reviewed,us,us
2026-04-20T21:16:10.401Z,2.6467,122.9309,484.842,4.4,mb,76,72,5.125,0.65,us,us6000srpc,2026-04-20T21:44:05.040Z,"233 km N of Gorontalo, Indonesia",earthquake,10.63,7.962,0.068,62,reviewed,us,us
2026-04-20T21:07:20.795Z,16.0782,121.926,10,4.5,mb,36,119,7.288,0.83,us,us6000srph,2026-04-20T21:55:17.040Z,"35 km SE of Dumabato, Philippines",earthquake,13.15,1.926,0.103,28,reviewed,us,us
2026-04-20T20:39:19.901Z,54.792,-156.947,35.1,3.3,ml,66,218,1.8,0.5,ak,aka2026htrhen,2026-04-22T04:19:33.025Z,"186 km SE of Perryville, Alaska",earthquake,8.1,21.4213,0.2,46,reviewed,ak,ak
2026-04-20T20:31:56.320Z,40.304166666667,-125.16633333333,0.23,2.59,md,28,288,0.6302,0.2,nc,nc75348762,2026-04-23T21:27:21.862Z,"75 km W of Petrolia, CA",earthquake,5.5,8.93,0.152,25,reviewed,nc,nc
2026-04-20T19:22:46.341Z,53.6021,-164.8075,35,2.5,ml,15,232,0.733,0.51,us,us6000sryt,2026-04-23T15:14:13.040Z,"86 km SE of Akutan, Alaska",earthquake,5.58,2.019,0.115,10,reviewed,us,us
2026-04-20T19:10:22.695Z,50.0152,157.025,49.815,4.3,mb,34,142,3.126,0.58,us,us6000ssyw,2026-04-26T09:04:43.040Z,"97 km SE of Severo-Kuril’sk, Russia",earthquake,9.74,5.735,0.097,30,reviewed,us,us
2026-04-20T18:47:05.797Z,-2.374,139.1482,10,5.3,mb,55,60,1.56,1.12,us,us6000srn6,2026-04-20T19:03:58.040Z,"166 km W of Abepura, Indonesia",earthquake,7.91,1.855,0.053,122,reviewed,us,us
2026-04-20T18:02:32.010Z,38.463833333333,-80.697833333333,11.46,2.48,md,11,77,0.4893,0.19,se,se60505388,2026-04-23T17:22:05.040Z,"6 km NW of Tioga, West Virginia",earthquake,0.45,1.92,0.070098345896642,10,reviewed,se,se
2026-04-20T17:38:19.357Z,31.634,-104.439,6.3721,3,ml,36,73,0,0.1,tx,tx2026htlfxr,2026-04-20T18:26:30.040Z,"60 km S of Whites City, New Mexico",earthquake,0.7856815315993,0.68405153385119,0.1,34,reviewed,tx,tx
2026-04-20T17:35:10.160Z,32.119,-101.055,6.8848,3.3,ml,55,61,0.2,0.2,tx,tx2026htlatb,2026-04-20T23:51:53.808Z,"26 km S of Westbrook, Texas",earthquake,0.63389948326422,1.9485071436495,0.1,39,reviewed,tx,tx
2026-04-20T17:26:03.820Z,17.983666666667,-66.834833333333,17.24,2.7,md,18,168,0.04314,0.29,pr,pr71514053,2026-04-20T17:46:40.920Z,"2 km SW of Indios, Puerto Rico",earthquake,0.7,0.46,0.16608547391774,9,reviewed,pr,pr
2026-04-20T17:21:31.074Z,57.326,-155.841,71,3,ml,94,143,0.4,0.7,ak,aka2026htkrka,2026-04-22T04:07:17.262Z,"87 km WSW of Karluk, Alaska",earthquake,5.1,2.8043,0.3,67,reviewed,ak,ak
2026-04-20T17:17:02.681Z,50.9191,-178.4456,10,3.8,mb,51,216,0.676,0.9,us,us6000srms,2026-04-20T18:22:34.040Z,"164 km SW of Adak, Alaska",earthquake,5.03,1.974,0.099,26,reviewed,us,us
2026-04-20T17:04:58.716Z,59.469,-151.945,54.3,2.7,ml,62,120,0.6,0.7,ak,aka2026htkddq,2026-04-20T17:13:11.040Z,"12 km N of Nanwalek, Alaska",earthquake,3.6,3.4367,0.6,4,automatic,ak,ak
2026-04-20T16:13:17.100Z,39.4793,143.4588,37.502,4.4,mb,72,135,2.254,0.53,us,us6000srkt,2026-04-20T17:07:59.040Z,"129 km E of Yamada, Japan",earthquake,5.38,6.86,0.075,52,reviewed,us,us
2026-04-20T16:11:41.909Z,60.641,-149.411,4.1,2.6,ml,80,60,0.4,1,ak,aka2026htijgz,2026-04-21T22:15:13.183Z,"17 km N of Moose Pass, Alaska",earthquake,2.4,1.7169,0.1,53,reviewed,ak,ak
2026-04-20T16:08:08.275Z,57.805,-154.359,63.5,2.8,ml,94,104,0.5,0.5,ak,aka2026htigfl,2026-04-21T22:13:55.428Z,"26 km NNE of Karluk, Alaska",earthquake,3.8,2.9512,0.3,67,reviewed,ak,ak
2026-04-20T15:44:52.705Z,52.1867,176.4828,9.032,4.4,mb,81,168,1.31,0.78,us,us6000srkj,2026-04-21T22:12:51.561Z,"235 km ESE of Attu Station, Alaska",earthquake,11.32,4.622,0.054,99,reviewed,us,us
2026-04-20T14:42:01.262Z,51.454,-176.668,38.5,2.6,ml,11,251,0.4,0.2,ak,aka2026htfjzm,2026-04-21T22:01:51.941Z,"46 km S of Adak, Alaska",earthquake,15.7,6.7881,0.2,6,reviewed,ak,ak
2026-04-20T14:15:29.099Z,39.856,143.2291,34.135,4.7,mb,60,109,1.899,0.65,us,us6000srka,2026-04-20T16:22:50.040Z,"112 km ENE of Miyako, Japan",earthquake,8.12,4.794,0.064,74,reviewed,us,us
2026-04-20T14:02:38.020Z,39.3168,-119.0511,3,3.39,mwr,15,148,0.066,0.1409,nn,nn00915849,2026-04-21T19:56:09.358Z,"18 km SE of Silver Springs, Nevada",earthquake,,1.7685,,,reviewed,nn,nn
2026-04-20T13:40:08.915Z,39.327,-119.0391,9.5095,2.52,ml,19,70,0.076,0.1131,nn,nn00915845,2026-04-22T17:29:43.040Z,"18 km ESE of Silver Springs, Nevada",earthquake,,1.2624,0.3,12,reviewed,nn,nn
2026-04-20T13:26:20.940Z,40.362333333333,-124.94483333333,11.52,3.56,ml,131,234,0.4663,0.24,nc,nc75348572,2026-04-22T17:26:50.040Z,"56 km W of Petrolia, CA",earthquake,0.53,0.9,0.148,75,reviewed,nc,nc
2026-04-20T12:56:45.171Z,39.5889,143.4485,10,5.1,mb,89,101,2.184,0.7,us,us6000srjx,2026-04-20T13:13:33.040Z,"129 km E of Yamada, Japan",earthquake,7.93,1.854,0.032,328,reviewed,us,us
2026-04-20T11:44:37.901Z,10.8663,125.9345,35,4.6,mb,62,101,20.553,0.48,us,us6000srjn,2026-04-20T13:28:04.833Z,"14 km ESE of Sulangan, Philippines",earthquake,12.3,1.877,0.072,58,reviewed,us,us
2026-04-20T11:28:58.377Z,39.6552,143.035,24.628,4.5,mb,91,121,1.887,0.45,us,us6000srjl,2026-04-20T11:56:19.040Z,"93 km E of Miyako, Japan",earthquake,7.3,2.521,0.061,79,reviewed,us,us
2026-04-20T11:09:57.546Z,39.2787,-119.0981,7.4169,2.67,ml,23,77,0.052,0.1506,nn,nn00915825,2026-04-20T17:29:08.695Z,"18 km SE of Silver Springs, Nevada",earthquake,,1.4993,0.33,11,reviewed,nn,nn
2026-04-20T10:49:59.480Z,40.350666666667,-125.06216666667,6.91,2.51,md,25,282,0.5537,0.12,nc,nc75348512,2026-04-23T20:27:21.460Z,"66 km W of Petrolia, CA",earthquake,3.07,3.18,0.178,28,reviewed,nc,nc
2026-04-20T10:44:16.040Z,39.4819,143.2471,47.565,5,mb,50,97,2.122,0.57,us,us6000srj9,2026-04-20T10:59:48.040Z,"111 km E of Yamada, Japan",earthquake,8.69,6.806,0.039,215,reviewed,us,us
2026-04-20T10:41:33.940Z,40.346666666667,-124.901,13.63,3.61,ml,171,225,0.4309,0.23,nc,nc75348507,2026-04-22T10:51:44.194Z,"52 km W of Petrolia, CA",earthquake,0.56,0.72,0.149,97,reviewed,nc,nc
2026-04-20T10:37:35.156Z,39.4355,143.4179,28.474,4.4,mb,50,180,2.255,1.33,us,us6000srj8,2026-04-21T11:19:26.040Z,"126 km E of Yamada, Japan",earthquake,8.57,6.864,0.079,46,reviewed,us,us
2026-04-20T09:56:23.431Z,63.065,-150.942,132,2.6,ml,84,30,0.5,0.5,ak,aka2026hsvxwa,2026-04-21T11:19:08.040Z,"64 km N of Petersville, Alaska",earthquake,2.6,2.4235,0.2,36,reviewed,ak,ak
2026-04-20T09:54:45.442Z,51.0635,179.3113,43.284,4.7,mb,45,215,0.315,0.74,us,us6000srix,2026-04-20T23:53:53.444Z,"295 km WSW of Adak, Alaska",earthquake,5.8,9.323,0.078,49,reviewed,us,us
2026-04-20T09:49:43.363Z,39.7888,143.2807,25,5.1,mb,64,95,1.968,0.54,us,us6000sriv,2026-04-20T10:09:10.040Z,"115 km E of Miyako, Japan",earthquake,7.62,1.897,0.033,289,reviewed,us,us
2026-04-20T09:31:43.075Z,57.821,-156.243,133.2,3,ml,62,77,0.1,0.7,ak,aka2026hsvcpm,2026-04-20T23:40:40.323Z,"76 km ENE of Ugashik, Alaska",earthquake,6.3,2.1679,0.6,33,reviewed,ak,ak
2026-04-20T08:38:30.511Z,59.998,-142.048,14.3,2.5,ml,25,165,0.2,1,ak,aka2026hstirg,2026-04-20T23:32:54.533Z,"139 km WNW of Yakutat, Alaska",earthquake,5,2.0428,0.1,13,reviewed,ak,ak
2026-04-20T08:32:46.679Z,39.6393,143.2591,24.452,5.6,mb,36,97,2.035,0.56,us,us6000srih,2026-04-22T10:34:37.727Z,"113 km E of Miyako, Japan",earthquake,4.88,5.274,0.095,39,reviewed,us,us
2026-04-20T08:27:52.181Z,60.52,-139.965,10.1,3,ml,13,91,0.6,0.5,ak,aka2026hsszoo,2026-04-20T23:29:39.591Z,"109 km N of Yakutat, Alaska",earthquake,5.8,2.9194,0.1,8,reviewed,ak,ak
2026-04-20T08:25:31.882Z,60.586,-139.895,11.7,3,ml,15,87,0.6,1,ak,aka2026hssxob,2026-04-20T23:29:05.739Z,"116 km N of Yakutat, Alaska",earthquake,5.9,2.9649,0.1,9,reviewed,ak,ak
2026-04-20T07:53:00.185Z,39.9532,143.0462,35,7.4,mww,101,34,1.729,0.91,us,us6000sri7,2026-04-26T05:58:57.842Z,"100 km ENE of Miyako, Japan",earthquake,6.05,1.867,0.036,73,reviewed,us,us
2026-04-20T07:42:58.072Z,39.2816,-119.0893,8.539,2.81,ml,24,73,0.048,0.142,nn,nn00915788,2026-04-21T06:31:43.040Z,"18 km SE of Silver Springs, Nevada",earthquake,,1.4079,0.45,11,reviewed,nn,nn
2026-04-20T07:04:23.455Z,-32.4235,-178.3141,10,5.1,mb,32,96,3.185,0.73,us,us6000srhw,2026-04-20T07:24:19.040Z,"south of the Kermadec Islands",earthquake,10.79,1.904,0.106,29,reviewed,us,us
2026-04-20T06:07:29.786Z,56.3943,-149.2556,10,2.9,ml,74,209,2.793,0.79,us,us6000srpy,2026-04-21T07:00:04.040Z,"228 km SE of Chiniak, Alaska",earthquake,4.25,1.998,0.057,40,reviewed,us,us
2026-04-20T06:05:38.120Z,38.714,-112.47433333333,9.21,2.51,md,27,64,0.1065,0.16,uu,uu80137331,2026-04-22T17:26:18.280Z,"10 km SSW of Kanosh, Utah",earthquake,0.28,0.65,0.16088366527544,21,reviewed,uu,uu
2026-04-20T05:58:15.560Z,36.162,-84.397166666667,4.59,2.45,md,17,67,0.3051,0.22,se,se60620151,2026-04-20T12:02:43.970Z,"8 km NNE of Petros, Tennessee",earthquake,0.35,1.13,0.084764008971092,16,reviewed,se,se
2026-04-20T05:40:42.650Z,51.0896,-178.3541,15.235,3.2,ml,25,227,0.547,0.85,us,us6000srpd,2026-04-21T07:17:05.040Z,"147 km SW of Adak, Alaska",earthquake,3.76,7.571,0.105,12,reviewed,us,us
2026-04-20T05:19:35.993Z,-7.9677,124.3047,183.138,5.2,mb,32,117,1.777,0.65,us,us6000srhi,2026-04-20T05:33:05.040Z,"122 km NW of Maubara, Timor Leste",earthquake,10.39,7.956,0.105,30,reviewed,us,us
2026-04-20T05:19:05.660Z,18.3235,-67.352,13.12,2.66,md,10,274,0.2698,0.49,pr,pr71514028,2026-04-20T05:32:55.570Z,"10 km W of Rincón, Puerto Rico",earthquake,2.2,1.35,0.11546513613022,6,reviewed,pr,pr
2026-04-20T03:47:03.766Z,-4.3965,144.3557,137.532,4.7,mb,33,91,3.807,0.54,us,us6000srh9,2026-04-20T04:01:57.040Z,"48 km SE of Angoram, Papua New Guinea",earthquake,9.09,7.955,0.126,19,reviewed,us,us
2026-04-20T03:42:50.690Z,39.3174,-119.0535,8.2906,2.84,ml,10,145,0.067,0.1228,nn,nn00915760,2026-04-20T17:03:43.304Z,"18 km SE of Silver Springs, Nevada",earthquake,,2.1433,0.19,4,reviewed,nn,nn
2026-04-20T03:18:03.930Z,18.4438,-68.8855,122,3.89,md,18,226,0.5089,0.02,pr,pr2026110000,2026-04-20T04:37:08.040Z,"9 km E of La Romana, Dominican Republic",earthquake,1.36,0.87,0.04,7,reviewed,pr,pr
2026-04-20T02:44:54.900Z,18.7215,-64.998166666667,13.76,3,md,12,214,0.3693,0.44,pr,pr71513998,2026-04-20T03:11:10.240Z,"42 km N of Charlotte Amalie, U.S. Virgin Islands",earthquake,1.53,3.19,0.06019165286645,4,reviewed,pr,pr
2026-04-20T02:33:59.080Z,62.52,-152.613,160.1,2.7,ml,105,48,0.7,0.7,ak,aka2026hshgpz,2026-04-20T21:00:41.660Z,"86 km NW of Skwentna, Alaska",earthquake,2.7,2.0957,0.3,66,reviewed,ak,ak
2026-04-20T01:54:05.840Z,37.510833333333,-118.8255,3.99,2.56,md,36,81,0.07911,0.04,nc,nc75348337,2026-04-23T19:22:23.078Z,"14 km WSW of Toms Place, CA",earthquake,0.18,0.76,0.2,33,reviewed,nc,nc
2026-04-20T01:47:32.799Z,53.111,-166.605,27.6,2.6,ml,12,265,0.7,0.4,ak,aka2026hsfspo,2026-04-20T20:52:25.623Z,"85 km S of Unalaska, Alaska",earthquake,12.4,5.5504,0.2,7,reviewed,ak,ak
